"Invoice.ID","City","Customer.Type","Customer.Category","Gender","Product.Line","Advertising.Budget","Loyalty.Program","Discount.Rate","Payment","Total","Date"
"NSKELE9253","Novosibirsk","Normal","Student","Male","Electronics","15.43","Yes","27.52","Credit Card","156.39876","2024-06-28"
"SPBGRO7770","Saint Petersburg","Member","Working","Male","Groceries",NA,"Yes"," 8.11","Ewallet","299.94000","2024-03-17"
"MOWFUR4418",NA,"Member","Retired","Male","Furniture","19.87","Yes"," 8.13","Credit Card","281.93883","2024-01-09"
"MOWGRO3908","Moscow","Member","Working","Female","Groceries",NA,"No","28.82","Credit Card","432.90000","2024-06-21"
"SPBELE7796","Saint Petersburg","Member","Student","Female","Electronics","15.38",NA," 9.55","Credit Card",NA,"2024-04-26"
"MOWFUR9564","Moscow","Member","Working","Female","Furniture"," 5.49","Yes","12.01","Credit Card","395.36745",NA
"EKBTOY4897","Yekaterinburg","Member","Student","Female","Toys","15.20","Yes"," 9.26","Credit Card","192.29000","2024-03-18"
"EKBFUR5851","Yekaterinburg","Member","Student","Male","Furniture","11.77","No",NA,"Bank Transfer","115.95654","2024-05-24"
"SPBTOY8221","Saint Petersburg","Member","Working","Female","Toys","14.24","No","13.41","Credit Card","312.97000","2024-06-03"
"SPBGRO4557","Saint Petersburg","Normal","Student","Female","Groceries","13.93","Yes","30.00","Ewallet","285.32000","2024-10-02"
NA,"Yekaterinburg","Member","Retired","Male","Furniture",NA,"Yes",NA,"Cash","134.37320","2024-08-29"
NA,"Novosibirsk","Member","Working","Female","Furniture",NA,"Yes","16.53","Ewallet","225.80723","2024-07-25"
NA,"Yekaterinburg","Member","Retired","Male","Furniture",NA,"Yes","19.94","Credit Card","182.45789","2024-09-23"
"MOWELE1557",NA,"Normal","Retired","Female","Electronics",NA,"Yes"," 7.89","Credit Card","374.63000","2024-08-10"
"NSKGRO5925","Novosibirsk","Member","Retired",NA,"Groceries",NA,"No","11.31","Credit Card","225.30048","2024-04-16"
"NSKGRO8027","Novosibirsk","Normal","Working","Male","Groceries",NA,"No","19.47","Cash","116.87000","2024-09-18"
"SPBCLO4333",NA,"Member",NA,"Male","Clothing",NA,"No"," 8.22","Ewallet","270.67000","2024-01-28"
"SPBELE8580","Saint Petersburg","Normal","Working","Female","Electronics",NA,"Yes","17.09","Credit Card","244.06944","2024-07-10"
"EKBGRO3303","Yekaterinburg","Normal","Retired","Female","Groceries",NA,"No","13.74","Credit Card","220.60105","2024-10-31"
"EKBFUR9287","Yekaterinburg","Member","Working","Male","Furniture",NA,"No","16.20","Cash","106.47543","2024-03-15"
"EKBTOY1272","Yekaterinburg","Normal","Student","Female","Toys",NA,"Yes","12.91","Credit Card"," 50.30000","2024-08-20"
"MOWELE3676","Moscow","Normal","Retired","Female","Electronics",NA,"Yes","25.51","Ewallet","272.87000","2024-03-24"
"MOWFUR7738","Moscow","Member","Student","Male","Furniture",NA,"Yes","30.00","Cash","217.12431","2024-11-29"
"EKBGRO6483","Yekaterinburg","Normal","Student","Female","Groceries",NA,"Yes"," 9.38","Ewallet","107.36000","2024-04-04"
"EKBGRO3770","Yekaterinburg","Member","Working","Male","Groceries",NA,"Yes","10.11","Bank Transfer","105.14000","2024-12-23"
"SPBTOY8742","Saint Petersburg","Member","Retired","Female","Toys",NA,"Yes","12.88","Ewallet","385.74000","2024-06-08"
"EKBGRO1339","Yekaterinburg","Member","Working","Female","Groceries",NA,"Yes","19.30","Credit Card","202.68000","2024-02-22"
"NSKCLO8883","Novosibirsk","Member","Student","Female","Clothing",NA,"Yes","14.52","Credit Card","255.84283","2024-09-08"
"EKBTOY2878","Yekaterinburg","Normal","Working","Female","Toys",NA,"No","10.35","Ewallet","110.29000","2024-03-12"
"EKBELE3484","Yekaterinburg","Member","Retired","Male","Electronics","10.47","No","15.85","Bank Transfer","123.31000","2024-03-30"
"NSKTOY7205","Novosibirsk","Normal",NA,"Male","Toys",NA,"No"," 5.02","Bank Transfer"," 87.40000","2024-01-21"
"EKBCLO3005","Yekaterinburg","Member","Working","Male","Clothing",NA,"Yes"," 9.13","Bank Transfer"," 85.57000","2024-07-19"
"NSKELE5946","Novosibirsk","Member","Retired","Male",NA," 7.17","No","13.99","Credit Card","221.22000","2024-08-21"
NA,"Yekaterinburg","Member","Working","Female","Furniture",NA,"No","27.23","Credit Card","150.73905","2024-01-08"
"MOWCLO6950",NA,"Member","Working","Female","Clothing"," 6.08","No","23.68","Ewallet","346.75000","2024-09-13"
"MOWTOY3908","Moscow","Member","Working","Female","Toys",NA,"No","26.32","Ewallet",NA,"2024-01-02"
"NSKGRO8027","Novosibirsk","Normal","Working","Male","Groceries",NA,NA,NA,"Cash"," 88.78000","2024-11-09"
"SPBCLO7289","Saint Petersburg",NA,"Working","Male","Clothing",NA,"Yes","30.00","Ewallet","215.33000","2024-07-07"
"NSKELE3085","Novosibirsk","Normal",NA,"Male","Electronics",NA,"Yes","20.88","Ewallet",NA,"2024-11-28"
"NSKTOY9230","Novosibirsk","Normal","Retired","Male","Toys",NA,"No","25.35","Bank Transfer","195.43000","2024-06-17"
"EKBGRO5950","Yekaterinburg","Normal","Working",NA,"Groceries",NA,"No","22.53","Bank Transfer"," 75.24000","2024-01-23"
"EKBCLO3099","Yekaterinburg","Member","Retired","Female",NA,NA,"Yes"," 7.88","Credit Card","155.16000","2024-01-08"
"NSKCLO1244","Novosibirsk","Member","Student","Female","Clothing",NA,"Yes","10.10","Credit Card","292.83610","2024-03-03"
"EKBTOY2865","Yekaterinburg","Member","Student","Male","Toys",NA,"Yes","25.37","Credit Card","158.48000","2024-04-28"
"EKBELE4154","Yekaterinburg","Member","Retired","Male","Electronics",NA,"Yes","19.52","Bank Transfer","137.12000","2024-11-25"
"EKBFUR3487","Yekaterinburg","Member","Retired","Male","Furniture",NA,"No"," 8.40","Cash","172.00599","2024-03-05"
"EKBFUR8960","Yekaterinburg","Member","Retired","Female","Furniture","11.48","Yes","20.03","Credit Card","135.75628","2024-09-05"
"NSKCLO7760","Novosibirsk","Normal","Working","Male","Clothing",NA,"No","18.76","Ewallet","190.83000","2024-05-26"
"EKBTOY2924","Yekaterinburg","Member","Retired","Male","Toys","12.50","Yes","11.43","Credit Card","180.16000","2024-09-22"
"EKBCLO5950","Yekaterinburg","Normal","Working","Male","Clothing",NA,"No","22.53","Bank Transfer","123.19000","2024-04-13"
"EKBGRO5508","Yekaterinburg","Normal","Student","Male","Groceries",NA,"Yes","17.70","Cash"," 68.98000","2024-01-16"
"MOWFUR2636","Moscow","Normal","Working","Male","Furniture",NA,"Yes","27.48","Credit Card","258.65359","2024-03-03"
"EKBGRO9853","Yekaterinburg","Member","Student","Male","Groceries","10.23","Yes","29.83","Credit Card","157.36000","2024-10-06"
"EKBGRO3471","Yekaterinburg","Member","Working","Female","Groceries","15.59","Yes",NA,"Ewallet","175.05000","2024-12-13"
"NSKELE1244","Novosibirsk","Member","Student","Female","Electronics",NA,"Yes","10.10","Credit Card","210.55231","2024-02-27"
"MOWCLO7738","Moscow",NA,"Student","Male","Clothing",NA,"Yes","30.00","Bank Transfer","433.70015","2024-07-14"
NA,"Yekaterinburg","Member","Working","Female","Furniture",NA,"Yes","27.31","Ewallet","167.88731","2024-03-14"
"MOWFUR9089","Moscow","Member","Working","Female","Furniture","12.11","Yes","11.29","Credit Card","318.64711","2024-01-09"
"NSKFUR5174","Novosibirsk",NA,"Working","Male","Furniture","19.22",NA,"20.98","Ewallet","316.62223",NA
"EKBGRO5551","Yekaterinburg","Member","Retired","Male","Groceries","12.64","Yes","19.69","Credit Card","162.90884","2024-11-23"
"EKBTOY8960","Yekaterinburg","Member","Retired","Female","Toys","11.48","Yes","20.03","Credit Card","182.31000","2024-09-20"
"EKBTOY3303","Yekaterinburg","Normal",NA,"Female","Toys",NA,"No","11.24","Credit Card"," 86.63000","2024-06-26"
"NSKELE4114","Novosibirsk","Normal","Student","Female","Electronics",NA,"No","23.28","Credit Card",NA,"2024-12-01"
"SPBCLO7770","Saint Petersburg","Member","Working","Male","Clothing","13.28","Yes"," 8.11","Credit Card","113.71000","2024-07-03"
"EKBTOY5279","Yekaterinburg","Member","Working","Male","Toys","15.45","No","12.29","Cash","186.53000","2024-04-18"
"SPBGRO6331",NA,"Member","Working","Male","Groceries",NA,"No","25.39","Bank Transfer","216.54000","2024-04-24"
"EKBELE4004","Yekaterinburg","Member","Working","Female","Electronics",NA,"Yes"," 8.61","Credit Card","225.28926","2024-10-18"
"EKBGRO1272",NA,"Normal","Student","Female","Groceries",NA,"Yes","12.91","Credit Card",NA,"2024-06-06"
"MOWELE3453","Moscow","Member","Working","Female","Electronics",NA,"No",NA,"Ewallet","302.31559","2024-12-06"
"SPBELE1285","Saint Petersburg","Member","Retired","Male","Electronics",NA,"Yes"," 6.11","Ewallet",NA,"2024-09-22"
"MOWCLO6090",NA,"Member","Retired","Male","Clothing",NA,"Yes"," 9.82","Credit Card","293.29000","2024-12-21"
"NSKGRO2243","Novosibirsk","Member","Working","Male","Groceries",NA,"Yes","19.91","Bank Transfer","249.62000","2024-10-10"
"NSKTOY1941","Novosibirsk","Normal","Working","Male","Toys",NA,"Yes","27.59",NA,"214.45000","2024-02-28"
"NSKTOY7774","Novosibirsk",NA,"Working","Female","Toys",NA,"Yes","16.53","Ewallet","232.44000","2024-12-28"
"NSKELE9230","Novosibirsk","Normal",NA,"Male","Electronics",NA,"No","25.35","Cash","150.00000","2024-01-28"
"NSKGRO8027","Novosibirsk","Normal","Working","Male","Groceries",NA,"No","19.47","Cash","149.86000","2024-09-11"
"SPBCLO6281","Saint Petersburg","Member","Working","Male","Clothing",NA,"Yes",NA,"Ewallet","372.53000","2024-09-25"
"EKBCLO4204","Yekaterinburg","Normal","Student","Male","Clothing","10.85","Yes"," 5.04","Cash"," 93.19031","2024-11-04"
"NSKCLO9253","Novosibirsk","Normal","Student","Male","Clothing",NA,"Yes",NA,"Bank Transfer","151.66818","2024-04-27"
"NSKCLO3767","Novosibirsk","Normal","Student","Male","Clothing"," 8.09","No","12.30","Cash","102.77341","2024-05-09"
"EKBFUR3487","Yekaterinburg","Member","Retired","Male","Furniture",NA,"No"," 8.40","Credit Card","138.41162","2024-10-28"
"SPBELE9859","Saint Petersburg","Normal","Retired","Female","Electronics",NA,"Yes","26.83","Credit Card","292.12000",NA
"MOWELE3194","Moscow","Normal","Working","Female","Electronics",NA,"Yes","17.71","Ewallet","479.71848","2024-09-08"
"NSKCLO5946","Novosibirsk","Member","Retired","Male","Clothing",NA,"No","13.99","Bank Transfer"," 84.93000","2024-05-06"
"EKBGRO5747","Yekaterinburg","Normal","Student","Male","Groceries",NA,"No","12.81","Bank Transfer"," 50.13000","2024-03-15"
"EKBGRO5950","Yekaterinburg","Normal","Working","Male","Groceries",NA,"No","22.53","Cash","110.65000","2024-11-16"
"SPBCLO6331","Saint Petersburg","Member","Working","Male","Clothing",NA,"No","25.39","Ewallet","258.07000","2024-08-10"
"MOWELE1420","Moscow","Member","Working","Male","Electronics","17.37","Yes","30.00","Ewallet","377.08425","2024-04-03"
"EKBGRO3303","Yekaterinburg","Normal","Retired","Female","Groceries",NA,"No","13.74","Ewallet","151.23308","2024-11-14"
"EKBGRO3099","Yekaterinburg","Member","Retired","Female","Groceries",NA,"Yes"," 7.88","Credit Card","187.50444","2024-03-14"
"MOWCLO1861","Moscow","Normal",NA,"Female","Clothing",NA,"Yes","23.16","Credit Card","459.43000","2024-01-29"
"NSKTOY1153","Novosibirsk","Normal","Retired","Female","Toys",NA,"Yes","28.81","Credit Card","115.78000","2024-05-31"
"NSKELE8797","Novosibirsk","Member","Working","Male","Electronics",NA,"Yes","22.78","Bank Transfer","321.33818","2024-07-07"
"MOWGRO1557","Moscow",NA,"Retired",NA,"Groceries","16.75","Yes"," 7.89","Credit Card","289.78688","2024-10-27"
"MOWCLO1590","Moscow","Member",NA,"Male","Clothing","13.04","Yes","13.23","Ewallet","213.14000","2024-10-05"
"NSKGRO9230","Novosibirsk","Normal","Retired","Male","Groceries","13.33","No","25.35","Cash","181.28789","2024-02-18"
"MOWELE9089","Moscow","Member",NA,"Female","Electronics",NA,"Yes",NA,"Credit Card","429.12987","2024-02-24"
"NSKGRO6745","Novosibirsk","Member","Retired","Male","Groceries",NA,"No","14.30","Bank Transfer","107.58626",NA
"EKBCLO5864","Yekaterinburg","Normal","Working","Female","Clothing","13.27","Yes","12.65","Credit Card","171.48000","2024-02-22"
"MOWCLO2368","Moscow","Member","Working","Female","Clothing",NA,"No","15.14","Credit Card","355.47000","2024-02-18"
"NSKELE4114","Novosibirsk","Normal","Student","Female","Electronics",NA,"No","23.28","Credit Card","148.03808","2024-12-15"
"EKBELE4188","Yekaterinburg","Member","Working","Female","Electronics",NA,"No","15.67","Credit Card","143.64573","2024-09-08"
"SPBTOY4333","Saint Petersburg","Member","Working","Male","Toys","15.99","No"," 8.22","Credit Card","254.81000","2024-08-28"
"MOWELE3244","Moscow","Member","Retired","Female","Electronics",NA,"Yes","24.16","Credit Card","327.75000","2024-01-20"
"EKBFUR4352","Yekaterinburg","Member",NA,"Female","Furniture"," 5.05","Yes"," 7.47","Credit Card","102.66285","2024-05-09"
"NSKFUR7230","Novosibirsk","Member","Working","Female","Furniture"," 6.84","Yes","10.38","Ewallet","206.13655","2024-08-02"
"NSKFUR6315","Novosibirsk","Member","Retired","Male","Furniture",NA,"Yes"," 6.98","Bank Transfer","171.14404",NA
"MOWCLO6536","Moscow","Member","Student","Male","Clothing",NA,"No"," 9.37","Ewallet","258.70213","2024-06-21"
"EKBGRO5508","Yekaterinburg","Normal","Student","Male","Groceries",NA,"Yes","17.70","Ewallet","138.42000",NA
"EKBCLO5104","Yekaterinburg","Member","Student","Male","Clothing",NA,"No","29.41","Credit Card","151.37193","2024-08-01"
"EKBELE6561","Yekaterinburg",NA,"Working","Male","Electronics"," 7.97","Yes","11.16","Credit Card","166.44002","2024-10-30"
"NSKCLO2076","Novosibirsk","Normal","Working","Female","Clothing","10.58","Yes","18.03","Credit Card","199.32000","2024-10-21"
"NSKTOY3085","Novosibirsk",NA,"Working","Male","Toys",NA,"Yes","18.38","Cash","132.88000","2024-02-26"
"SPBGRO9859","Saint Petersburg","Normal","Retired","Female","Groceries"," 6.59","Yes","26.83","Credit Card","403.03174","2024-03-20"
"NSKTOY3535","Novosibirsk","Normal","Working","Female","Toys",NA,"Yes"," 6.60","Ewallet","151.97000","2024-03-15"
"NSKFUR3535","Novosibirsk","Normal","Working","Female",NA,NA,"Yes"," 6.60","Credit Card","131.53513","2024-05-22"
"NSKFUR9230","Novosibirsk","Normal","Retired","Male","Furniture",NA,"No","25.35","Credit Card","115.66946","2024-04-02"
"NSKTOY2076","Novosibirsk","Normal","Working","Female","Toys","10.58","Yes","18.03","Credit Card","156.64000","2024-11-03"
NA,"Saint Petersburg","Member","Working","Male","Electronics","13.04","Yes","10.37","Cash","433.95495","2024-01-01"
"EKBFUR3487","Yekaterinburg","Member","Retired","Male","Furniture",NA,"No"," 8.40","Cash","144.61866","2024-01-18"
"MOWGRO3908","Moscow","Member","Working",NA,"Groceries","14.99","No","26.32","Credit Card","332.03000","2024-04-05"
"NSKFUR3767","Novosibirsk","Normal","Student","Male","Furniture",NA,"No","12.30","Bank Transfer"," 21.71012","2024-12-29"
"SPBCLO6331","Saint Petersburg","Member","Working","Male",NA,NA,"No","25.39","Cash","197.62000",NA
"EKBTOY5508","Yekaterinburg","Normal","Student","Male","Toys","14.72","Yes","17.70","Bank Transfer","150.99000","2024-01-08"
"NSKCLO5143","Novosibirsk","Member","Student",NA,"Clothing",NA,"No","12.89","Bank Transfer","128.32807",NA
"NSKCLO4924","Novosibirsk","Member","Student","Female","Clothing",NA,"Yes","16.41","Ewallet","316.83192","2024-01-10"
"SPBGRO7067","Saint Petersburg","Normal","Working","Male","Groceries",NA,"Yes"," 6.13","Credit Card","156.53000","2024-09-30"
"SPBTOY4270","Saint Petersburg","Member","Student","Female","Toys",NA,"No","26.76","Credit Card","316.36000","2024-12-02"
"EKBFUR9923","Yekaterinburg","Member","Working","Female","Furniture",NA,"Yes","27.31","Credit Card","190.43296","2024-01-14"
"SPBTOY4557","Saint Petersburg","Normal","Student","Female","Toys","13.93","Yes","30.00","Ewallet","288.10000","2024-12-04"
"MOWFUR1590","Moscow","Member","Working","Male","Furniture",NA,"Yes","15.73","Bank Transfer","309.29328","2024-12-11"
"NSKTOY3299","Novosibirsk","Member","Working","Male","Toys",NA,"No","24.67","Bank Transfer","237.34000","2024-09-24"
"MOWELE6690","Moscow","Normal","Student",NA,"Electronics",NA,"No","17.29","Credit Card","142.36606","2024-09-15"
"EKBGRO3484","Yekaterinburg","Member","Retired","Male","Groceries",NA,"No","15.85",NA,"218.66858","2024-12-05"
"EKBGRO6704","Yekaterinburg","Member","Working","Male","Groceries",NA,"Yes","28.90","Ewallet","219.65000","2024-05-09"
"EKBCLO3484","Yekaterinburg","Member","Retired","Male","Clothing","10.47","No",NA,"Bank Transfer"," 72.39000","2024-04-04"
"EKBCLO1272","Yekaterinburg","Normal","Student","Female","Clothing",NA,"Yes","12.91","Credit Card","155.28571",NA
"NSKCLO3085","Novosibirsk","Normal","Working","Male","Clothing",NA,"Yes","18.38","Bank Transfer","123.64000","2024-06-26"
"SPBTOY7796","Saint Petersburg","Member","Student","Female","Toys","15.38","No"," 9.55","Credit Card","214.44000","2024-03-10"
"EKBFUR2924","Yekaterinburg","Member","Retired","Male","Furniture",NA,"Yes","11.43","Credit Card","210.57052","2024-06-04"
"NSKTOY6673","Novosibirsk","Member","Working","Female","Toys",NA,"No"," 9.15","Credit Card","214.56000","2024-11-28"
"SPBFUR6115","Saint Petersburg","Normal","Working",NA,"Furniture","16.89","No","30.00","Ewallet","418.25539","2024-10-30"
"MOWTOY6950","Moscow","Member","Working","Female","Toys"," 6.08",NA,"23.68",NA,"319.35000","2024-02-20"
"MOWELE6167","Moscow","Normal","Retired","Female","Electronics",NA,"Yes"," 7.04","Ewallet","335.12000","2024-08-22"
"SPBELE2551","Saint Petersburg",NA,"Student","Female","Electronics"," 6.18","No","22.13","Credit Card","280.83992","2024-08-01"
"SPBGRO6779","Saint Petersburg",NA,"Student","Male","Groceries"," 6.20","No","23.08","Credit Card"," 83.48000","2024-11-13"
"EKBGRO3303",NA,NA,"Retired","Female",NA,"11.59","No","11.24","Ewallet","170.48725","2024-02-09"
"SPBFUR1285","Saint Petersburg","Member","Retired","Male","Furniture",NA,"Yes"," 6.11","Bank Transfer","258.29631","2024-11-06"
"MOWCLO1557","Moscow","Normal","Retired","Female","Clothing",NA,"Yes"," 5.39","Credit Card","363.82000","2024-05-26"
"SPBELE2719","Saint Petersburg","Member","Student","Female","Electronics",NA,"No","12.43","Credit Card","326.27864","2024-11-18"
"EKBFUR4204","Yekaterinburg",NA,"Student","Male","Furniture",NA,"Yes"," 5.04",NA," 43.26855","2024-04-28"
"NSKGRO6673","Novosibirsk","Member","Working","Female","Groceries",NA,"No"," 6.65","Credit Card","157.49000","2024-03-16"
"EKBTOY5551","Yekaterinburg","Member","Retired","Male",NA,NA,"Yes","19.69","Credit Card","131.63000","2024-02-28"
"MOWGRO4385","Moscow","Normal","Working","Male","Groceries",NA,"No"," 7.32","Credit Card"," 10.00000","2024-02-22"
"MOWTOY5902","Moscow","Member","Retired","Female","Toys",NA,"Yes","16.58","Credit Card","318.23000","2024-02-19"
"MOWGRO3676","Moscow","Normal","Retired","Female","Groceries"," 7.03","Yes","28.01","Credit Card","488.01159","2024-11-04"
"SPBTOY4557","Saint Petersburg","Normal","Student","Female","Toys",NA,"Yes","30.00","Ewallet",NA,"2024-12-25"
"SPBTOY8756","Saint Petersburg","Member",NA,"Female",NA,NA,"Yes","18.25","Credit Card","308.79000",NA
"EKBELE5851","Yekaterinburg","Member","Student","Male","Electronics",NA,"No","22.53","Ewallet","139.63278","2024-03-06"
NA,"Yekaterinburg","Normal","Student","Female","Clothing",NA,"Yes","12.91","Ewallet","173.85952","2024-05-27"
"EKBFUR9821","Yekaterinburg","Normal","Working","Male","Furniture","13.88","No","26.53","Ewallet","162.24745","2024-04-21"
"NSKCLO7506","Novosibirsk","Member",NA,"Male","Clothing",NA,"Yes","24.44","Cash",NA,"2024-07-23"
"NSKELE4966","Novosibirsk","Member","Working","Female","Electronics",NA,"No"," 9.60","Ewallet","189.65967","2024-04-20"
"NSKFUR7205","Novosibirsk","Normal","Working","Male","Furniture","17.55","No"," 5.02","Cash","214.27878","2024-03-14"
"NSKFUR3535","Novosibirsk","Normal","Working",NA,"Furniture","10.56","Yes"," 6.60","Credit Card","166.99402","2024-06-12"
"EKBGRO2924","Yekaterinburg",NA,"Retired","Male","Groceries",NA,"Yes","11.43","Credit Card","155.26102","2024-04-10"
"NSKCLO5946","Novosibirsk","Member","Retired","Male",NA," 7.17","No","13.99","Credit Card","170.94000","2024-07-20"
NA,"Yekaterinburg","Member","Retired","Male","Electronics",NA,"No","30.00","Bank Transfer","216.70000","2024-12-07"
"NSKELE1244",NA,"Member","Student","Female","Electronics",NA,"Yes","12.60","Credit Card","122.95997",NA
"NSKCLO8477","Novosibirsk","Member","Working","Female","Clothing","15.96","Yes","15.15","Ewallet","261.52000","2024-07-08"
"NSKGRO5946","Novosibirsk","Member","Retired","Male","Groceries",NA,"No","13.99","Ewallet",NA,"2024-07-23"
"EKBGRO3099","Yekaterinburg","Member","Retired","Female","Groceries",NA,"Yes"," 7.88","Credit Card","231.62989","2024-04-27"
"NSKCLO3479","Novosibirsk","Member","Working","Female","Clothing",NA,"Yes","15.15","Credit Card","229.16000","2024-07-31"
"MOWTOY1838","Moscow","Normal","Working","Female","Toys","15.68","No"," 8.72","Credit Card","216.53000","2024-10-22"
"NSKELE1941","Novosibirsk","Normal","Working","Male","Electronics",NA,"Yes","27.59","Credit Card","240.28680","2024-03-30"
"SPBGRO2962","Saint Petersburg","Normal","Retired","Female","Groceries",NA,"Yes","28.63","Ewallet","340.96540","2024-09-04"
"SPBGRO5124","Saint Petersburg","Member","Working","Male","Groceries",NA,"Yes","10.37","Ewallet","282.33000",NA
"MOWCLO7738","Moscow","Member","Student","Male","Clothing",NA,"Yes","30.00","Credit Card","595.93204","2024-04-22"
"MOWTOY1420","Moscow","Member",NA,NA,"Toys",NA,"Yes","29.39","Credit Card","462.76000","2024-03-22"
"SPBFUR7925","Saint Petersburg","Normal","Working","Male","Furniture",NA,"No","20.60","Credit Card","249.69620","2024-03-24"
"NSKTOY7205","Novosibirsk","Normal","Working","Male","Toys",NA,"No"," 7.52","Ewallet"," 95.36000","2024-12-24"
"MOWTOY4418","Moscow","Member","Retired","Male","Toys",NA,"Yes","10.63","Ewallet","509.46000","2024-09-09"
"SPBGRO7067","Saint Petersburg","Normal","Working","Male","Groceries"," 5.18","Yes"," 6.13","Bank Transfer","162.35000","2024-10-17"
"EKBELE9853","Yekaterinburg","Member","Student","Male","Electronics",NA,"Yes","29.83","Cash","107.69102","2024-12-23"
"EKBGRO6483","Yekaterinburg","Normal","Student","Female","Groceries",NA,"Yes"," 9.38","Ewallet","151.15000","2024-08-10"
"NSKCLO3299","Novosibirsk","Member","Working","Male","Clothing","16.59","No","24.67","Cash","147.71000",NA
"EKBFUR2155","Yekaterinburg","Normal","Student","Female","Furniture","11.45","Yes","10.66","Credit Card","144.48310","2024-07-05"
"EKBCLO6704","Yekaterinburg","Member","Working","Male","Clothing",NA,"Yes","28.90","Credit Card","135.07000","2024-04-20"
"MOWTOY6950","Moscow","Member","Working",NA,"Toys"," 6.08","No","26.18","Credit Card","426.74000",NA
"MOWTOY3676","Moscow","Normal","Retired","Female","Toys"," 7.03","Yes","25.51","Ewallet","343.54000","2024-06-04"
"EKBCLO5950","Yekaterinburg","Normal","Working","Male","Clothing",NA,"No","22.53","Ewallet"," 92.93000","2024-08-04"
NA,"Saint Petersburg","Member","Retired","Female","Clothing",NA,"Yes"," 6.59","Ewallet","277.78000","2024-03-22"
"SPBCLO7925","Saint Petersburg","Normal","Working","Male","Clothing","17.54","No","20.60","Cash","279.02000","2024-02-12"
"EKBELE3770","Yekaterinburg","Member","Working","Male",NA,"11.71","Yes","10.11","Bank Transfer","240.51422","2024-02-01"
"EKBFUR4154",NA,"Member","Retired","Male","Furniture","11.76","Yes","19.52","Cash","162.54824","2024-07-09"
"SPBFUR3274","Saint Petersburg","Member","Student","Male","Furniture",NA,"Yes","21.10","Ewallet","195.02975","2024-01-10"
"SPBCLO1061","Saint Petersburg","Normal","Retired","Male","Clothing",NA,"Yes"," 5.33","Ewallet","176.68000",NA
"SPBTOY7925","Saint Petersburg","Normal","Working","Male","Toys","17.54","No",NA,"Ewallet","320.40000","2024-08-18"
"SPBELE4557","Saint Petersburg","Normal","Student","Female","Electronics",NA,"Yes","29.22","Credit Card","239.13828","2024-04-28"
"MOWELE3072","Moscow","Normal","Student","Male","Electronics",NA,NA,"10.06","Cash",NA,"2024-05-11"
NA,"Moscow","Member","Retired","Male","Electronics","19.87","Yes"," 8.13","Ewallet","354.20000","2024-06-20"
"MOWTOY1590","Moscow","Member","Working","Male","Toys","13.04","Yes","13.23","Bank Transfer","323.87000","2024-06-13"
"SPBFUR8160",NA,"Member","Working","Female","Furniture",NA,"Yes","27.74","Credit Card","203.36421","2024-06-21"
"EKBGRO6704","Yekaterinburg","Member","Working",NA,"Groceries",NA,"Yes","30.00","Cash","134.63000","2024-12-22"
"MOWELE6854","Moscow","Normal","Working","Female","Electronics",NA,"Yes","10.20","Ewallet","447.70660",NA
"NSKGRO3767","Novosibirsk","Normal","Student","Male","Groceries"," 8.09","No","12.30","Ewallet"," 56.94000","2024-04-19"
"SPBFUR9859","Saint Petersburg","Normal","Retired","Female","Furniture",NA,"Yes","26.83","Ewallet","227.30741","2024-01-01"
"EKBTOY3471","Yekaterinburg","Member","Working","Female","Toys",NA,"Yes"," 7.03","Ewallet","186.30000","2024-04-15"
"SPBGRO6281","Saint Petersburg","Member","Working","Male",NA,NA,"Yes","21.49","Ewallet","244.40000","2024-08-16"
"EKBFUR1339","Yekaterinburg","Member","Working","Female","Furniture",NA,"Yes","19.30","Credit Card","180.78797","2024-07-13"
"MOWGRO5107","Moscow","Member","Student","Male","Groceries"," 9.89","Yes",NA,"Credit Card","359.01000","2024-01-11"
"SPBTOY3153","Saint Petersburg","Normal","Working","Male","Toys"," 5.82",NA,"20.40","Credit Card","279.79000","2024-11-09"
"MOWTOY5902",NA,"Member","Retired","Female",NA,NA,"Yes","19.08","Ewallet","311.20000","2024-10-11"
"EKBTOY3471","Yekaterinburg","Member","Working","Female","Toys",NA,"Yes"," 7.03",NA,"148.34000","2024-02-26"
"EKBGRO6561","Yekaterinburg","Member","Working","Male","Groceries",NA,"Yes","11.16","Credit Card","131.90000","2024-11-14"
"SPBFUR9431","Saint Petersburg","Member","Working","Male","Furniture",NA,NA,NA,"Cash","242.25287","2024-03-30"
"EKBELE3099","Yekaterinburg","Member","Retired","Female","Electronics",NA,"Yes"," 7.88","Credit Card","121.23000","2024-07-21"
"NSKGRO9253","Novosibirsk","Normal",NA,"Male",NA,NA,"Yes","27.52","Credit Card","234.71000","2024-08-15"
"MOWCLO6167","Moscow",NA,NA,"Female","Clothing",NA,"Yes"," 7.04","Credit Card","197.67000","2024-06-06"
"NSKELE5925","Novosibirsk","Member","Retired","Female","Electronics",NA,"No","11.31",NA,"216.87000","2024-02-16"
"NSKFUR8477","Novosibirsk","Member","Working","Female","Furniture",NA,"Yes","17.65","Ewallet","295.19272","2024-12-01"
"NSKTOY8477","Novosibirsk","Member","Working","Female","Toys","15.96","Yes","15.15","Ewallet","142.77000","2024-11-24"
"NSKTOY5174","Novosibirsk","Member","Working","Male","Toys",NA,"No","20.98","Ewallet","171.11000","2024-04-09"
"NSKGRO1672","Novosibirsk","Member","Retired",NA,"Groceries",NA,"Yes","18.42","Bank Transfer","192.61438","2024-02-04"
"MOWGRO4258","Moscow","Member","Working","Female","Groceries"," 5.28","No","15.32","Credit Card","410.19000","2024-03-28"
"MOWGRO7570","Moscow","Normal","Retired","Male","Groceries",NA,"Yes","18.82","Credit Card","219.20430","2024-06-09"
"EKBELE3769","Yekaterinburg","Member","Retired","Male","Electronics","15.86","No","22.17","Ewallet","147.62000","2024-03-08"
"NSKELE8797","Novosibirsk","Member","Working","Male","Electronics",NA,"Yes","25.28","Ewallet","169.51619","2024-12-28"
"EKBELE1796","Yekaterinburg","Normal","Working","Female","Electronics",NA,"Yes","16.80","Ewallet","116.69585","2024-02-20"
"NSKCLO1941","Novosibirsk","Normal","Working","Male","Clothing","16.22","Yes","27.59","Ewallet"," 91.05000","2024-06-12"
"EKBELE4601","Yekaterinburg","Member","Working","Male","Electronics","12.94","No"," 5.71","Bank Transfer","138.05799","2024-01-18"
"EKBELE9853","Yekaterinburg","Member","Student","Male","Electronics",NA,NA,"29.83","Ewallet","127.89476","2024-11-06"
"MOWGRO9564","Moscow","Member","Working",NA,"Groceries",NA,"Yes","12.01","Credit Card","362.70000","2024-06-21"
"NSKGRO8477",NA,"Member","Working","Female","Groceries",NA,"Yes","15.15","Credit Card",NA,"2024-05-05"
"SPBTOY6281","Saint Petersburg","Member","Working","Male","Toys",NA,"Yes","18.99","Cash",NA,"2024-02-05"
"NSKCLO5143","Novosibirsk","Member","Student","Male","Clothing",NA,"No","12.89","Bank Transfer","138.45157","2024-08-09"
"MOWCLO5177","Moscow","Member","Retired","Male","Clothing","17.39","Yes",NA,"Credit Card","339.05000","2024-03-22"
"EKBGRO9853","Yekaterinburg","Member","Student","Male","Groceries",NA,"Yes","27.33","Credit Card","157.42000","2024-03-21"
"NSKELE9069","Novosibirsk",NA,"Student","Male","Electronics",NA,"Yes","14.86",NA,"166.21139","2024-03-27"
"NSKFUR4966","Novosibirsk","Member","Working","Female","Furniture",NA,"No"," 9.60","Credit Card","142.42305","2024-02-22"
"SPBTOY8742","Saint Petersburg","Member","Retired",NA,"Toys",NA,"Yes","12.88","Credit Card","329.06000","2024-10-26"
"NSKCLO9069","Novosibirsk","Member",NA,"Male","Clothing",NA,"Yes","14.86","Cash","201.75497","2024-07-29"
"EKBELE2878","Yekaterinburg","Normal","Working","Female",NA,"13.19","No","10.35","Ewallet","191.23049","2024-03-22"
"SPBGRO1061","Saint Petersburg","Normal","Retired","Male","Groceries","19.12","Yes",NA,"Cash","207.11544","2024-03-07"
"EKBTOY5104","Yekaterinburg","Member","Student","Male","Toys",NA,"No",NA,"Ewallet","136.32000","2024-03-24"
"EKBTOY1982","Yekaterinburg","Member","Retired","Male","Toys",NA,"Yes","19.94","Ewallet","139.33000","2024-02-21"
"SPBFUR8160","Saint Petersburg","Member","Working","Female","Furniture",NA,"Yes","30.00","Ewallet","470.16877","2024-11-09"
"EKBTOY6483","Yekaterinburg","Normal","Student","Female","Toys",NA,"Yes"," 9.38","Ewallet","123.92000","2024-03-17"
"NSKELE6745","Novosibirsk","Member","Retired","Male","Electronics"," 5.13","No",NA,"Cash","153.78000","2024-09-13"
"NSKFUR8946","Novosibirsk","Normal","Student","Female","Furniture","19.83","No","25.55","Ewallet","151.17038","2024-12-11"
"SPBGRO2962","Saint Petersburg","Normal",NA,"Female","Groceries",NA,"Yes","30.00","Credit Card","233.18310","2024-09-08"
"EKBGRO6483","Yekaterinburg","Normal","Student","Female","Groceries",NA,"Yes"," 9.38","Credit Card","111.76000","2024-10-21"
"SPBELE4156","Saint Petersburg","Member","Working","Female","Electronics",NA,"Yes","21.69","Ewallet","357.86389","2024-01-19"
"MOWGRO4385","Moscow","Normal","Working","Male","Groceries",NA,"No"," 7.32","Ewallet"," 10.00000","2024-06-03"
"EKBCLO3487","Yekaterinburg","Member","Retired","Male","Clothing",NA,"No"," 8.40","Credit Card"," 96.10000","2024-04-17"
"SPBCLO8160","Saint Petersburg","Member","Working","Female","Clothing",NA,"Yes","30.00","Credit Card","394.30000",NA
"EKBTOY2164","Yekaterinburg","Normal","Student","Female",NA,NA,"Yes","14.85","Ewallet"," 91.72000",NA
"SPBCLO2551","Saint Petersburg","Member","Student","Female","Clothing",NA,"No","22.13","Credit Card","364.54014","2024-06-17"
"MOWCLO1590","Moscow","Member","Working","Male","Clothing",NA,"Yes","13.23","Cash","381.62000","2024-08-15"
"EKBFUR4897","Yekaterinburg","Member","Student","Female","Furniture",NA,"Yes"," 9.26","Credit Card","152.34733","2024-04-18"
"EKBGRO4897","Yekaterinburg","Member","Student","Female","Groceries",NA,NA," 9.26","Credit Card","189.55000","2024-07-02"
"MOWELE7253","Moscow","Normal","Student","Male","Electronics",NA,"No","19.57","Bank Transfer","157.13915","2024-06-22"
"MOWFUR5064",NA,"Normal","Working",NA,"Furniture",NA,"Yes","27.37","Ewallet","289.75771","2024-06-04"
"SPBELE8674","Saint Petersburg","Normal",NA,"Male","Electronics",NA,"Yes","15.81","Bank Transfer","241.45000","2024-06-21"
"SPBCLO2690","Saint Petersburg","Member","Working","Male","Clothing",NA,"Yes","10.65","Bank Transfer","288.45000","2024-11-29"
"SPBELE2962","Saint Petersburg","Normal","Retired","Female","Electronics",NA,NA,"30.00","Credit Card","179.44000","2024-12-24"
"MOWCLO7549","Moscow","Normal","Student","Male","Clothing",NA,"Yes","19.24","Cash","347.06057","2024-06-07"
"SPBCLO5124","Saint Petersburg","Member","Working","Male","Clothing",NA,"Yes","12.87","Ewallet","124.93000","2024-12-24"
"EKBELE4300","Yekaterinburg","Member","Working","Female","Electronics",NA,"Yes","14.48","Credit Card","205.23877","2024-01-07"
"NSKTOY1244","Novosibirsk","Member","Student","Female","Toys",NA,"Yes","12.60","Credit Card"," 86.44000","2024-08-29"
"EKBGRO3487","Yekaterinburg",NA,"Retired","Male","Groceries","15.35","No","10.90","Bank Transfer",NA,"2024-11-27"
"EKBFUR4154",NA,"Member","Retired","Male","Furniture",NA,"Yes","19.52","Cash","170.37700","2024-01-22"
"EKBTOY6704","Yekaterinburg","Member","Working","Male","Toys",NA,"Yes","28.90","Ewallet","193.02000","2024-03-06"
"SPBELE8160","Saint Petersburg","Member","Working","Female","Electronics",NA,NA,NA,"Credit Card","295.27336","2024-01-11"
"SPBELE8742","Saint Petersburg","Member","Retired","Female","Electronics",NA,"Yes","12.88","Ewallet","157.79000","2024-09-05"
"MOWELE2368","Moscow","Member","Working","Female","Electronics",NA,"No","20.14","Ewallet","399.81502","2024-10-27"
"MOWELE3453","Moscow","Member","Working","Female","Electronics",NA,"No"," 6.93","Credit Card","369.86165","2024-01-04"
"NSKFUR7883","Novosibirsk","Member","Working","Male","Furniture",NA,"No"," 7.63","Ewallet","188.15357","2024-01-29"
NA,"Saint Petersburg","Normal","Retired","Male","Groceries",NA,"No","19.56","Cash","234.21753","2024-04-17"
"EKBTOY3396","Yekaterinburg","Member","Student","Female","Toys",NA,"Yes","10.42","Ewallet","190.43000","2024-03-26"
"NSKELE3479","Novosibirsk","Member","Working","Female","Electronics",NA,"Yes","15.15","Ewallet","309.61992","2024-03-21"
NA,"Yekaterinburg","Member","Student","Female","Furniture",NA,"Yes","10.42","Credit Card","124.23606","2024-04-15"
"EKBELE1272","Yekaterinburg","Normal",NA,"Female","Electronics"," 9.45","Yes","12.91","Credit Card",NA,"2024-09-28"
"MOWGRO2340","Moscow","Member","Working","Male",NA,NA,"No","18.11","Ewallet","235.37000","2024-07-19"
"MOWTOY4315","Moscow","Normal","Working","Male","Toys",NA,"Yes"," 8.22","Bank Transfer"," 99.76000","2024-08-09"
"EKBGRO3484","Yekaterinburg","Member","Retired","Male","Groceries",NA,"No","15.85","Ewallet","147.99271","2024-10-22"
"EKBTOY2865","Yekaterinburg","Member","Student","Male","Toys"," 9.60","Yes","25.37","Cash","191.27000","2024-09-24"
"NSKGRO8883","Novosibirsk","Member","Student","Female","Groceries","19.03","Yes","14.52","Credit Card","272.73000","2024-09-18"
"NSKTOY4114","Novosibirsk","Normal","Student","Female","Toys",NA,"No","23.28","Ewallet"," 40.91000","2024-09-18"
"MOWFUR8976","Moscow",NA,"Student","Male","Furniture",NA,NA,"19.26","Ewallet","239.35582","2024-10-15"
"NSKFUR3535","Novosibirsk","Normal","Working","Female","Furniture",NA,"Yes"," 6.60","Credit Card","140.81345","2024-01-13"
"NSKFUR8946","Novosibirsk","Normal","Student","Female","Furniture",NA,"No","25.55","Credit Card","161.47946","2024-11-23"
"SPBGRO3106","Saint Petersburg","Normal","Working","Female","Groceries",NA,"Yes"," 5.54","Credit Card","236.86000","2024-04-06"
"MOWCLO6536","Moscow","Member","Student","Male","Clothing",NA,"No"," 9.37","Cash","265.83941","2024-08-25"
"SPBCLO6100","Saint Petersburg","Normal",NA,"Female","Clothing",NA,"Yes","27.27","Ewallet","333.34000","2024-01-26"
"EKBCLO5864","Yekaterinburg","Normal","Working","Female","Clothing",NA,"Yes",NA,"Credit Card","185.84000","2024-03-21"
"NSKTOY1244","Novosibirsk","Member","Student","Female","Toys"," 8.96","Yes","12.60","Credit Card","183.35000",NA
"EKBCLO3484","Yekaterinburg","Member","Retired",NA,"Clothing","10.47","No","15.85","Credit Card"," 95.08000","2024-12-18"
"SPBGRO3153","Saint Petersburg","Normal","Working","Male","Groceries"," 5.82","No","20.40","Ewallet","152.06000","2024-06-28"
"NSKCLO3085","Novosibirsk","Normal","Working","Male","Clothing",NA,"Yes","18.38","Bank Transfer","132.74000","2024-07-16"
"NSKFUR8950","Novosibirsk","Normal","Retired","Female","Furniture",NA,"Yes"," 7.04","Credit Card","188.40970","2024-02-13"
"NSKTOY2076","Novosibirsk","Normal","Working","Female","Toys",NA,NA,"18.03","Ewallet","138.22000","2024-08-07"
"SPBFUR8197","Saint Petersburg","Member","Retired","Female","Furniture","15.22","Yes"," 6.59","Credit Card","242.63995","2024-11-18"
"NSKCLO3085","Novosibirsk","Normal","Working","Male","Clothing","10.20","Yes","18.38","Bank Transfer"," 92.27000","2024-05-21"
"MOWELE7549","Moscow","Normal","Student","Male","Electronics",NA,"Yes","19.24","Bank Transfer","143.57380","2024-09-09"
"EKBGRO8073","Yekaterinburg","Normal","Working","Male","Groceries",NA,"Yes","13.18","Credit Card"," 33.50000","2024-02-03"
"MOWFUR5064","Moscow","Normal","Working","Male","Furniture","11.30","Yes","27.37","Ewallet","170.81079","2024-05-25"
"SPBCLO6779","Saint Petersburg","Normal","Student","Male","Clothing",NA,"No","23.08",NA,"192.59280","2024-12-30"
"MOWCLO3676","Moscow","Normal","Retired","Female","Clothing"," 7.03","Yes","28.01","Credit Card","435.24000","2024-09-23"
"EKBGRO3471","Yekaterinburg","Member","Working","Female","Groceries",NA,"Yes"," 7.03","Credit Card","194.26000","2024-09-23"
"EKBELE1797","Yekaterinburg","Normal","Student","Female","Electronics",NA,"No","18.53","Credit Card"," 97.21335","2024-09-12"
"MOWTOY3244","Moscow","Member","Retired",NA,"Toys","18.81","Yes","24.16","Credit Card","493.91000","2024-11-24"
"EKBELE4082",NA,"Normal","Working","Male","Electronics",NA,"No","14.72","Credit Card","182.04743","2024-03-08"
"NSKGRO1941","Novosibirsk",NA,"Working","Male","Groceries",NA,"Yes","27.59","Bank Transfer"," 88.67000","2024-08-01"
"MOWCLO3324","Moscow","Normal","Working","Male","Clothing",NA,"Yes","17.86",NA,"273.41000","2024-11-08"
"MOWCLO6690","Moscow","Normal","Student","Female","Clothing",NA,"No","17.29","Ewallet","430.12857","2024-12-11"
"NSKCLO7205","Novosibirsk","Normal","Working","Male","Clothing",NA,"No"," 5.02","Credit Card"," 73.05000","2024-02-03"
"MOWGRO4315",NA,"Normal","Working","Male","Groceries",NA,"Yes"," 8.22","Ewallet","258.45000",NA
"SPBTOY8197","Saint Petersburg","Member","Retired","Female","Toys",NA,"Yes"," 6.59","Credit Card","255.24000","2024-09-23"
"NSKCLO7883",NA,"Member","Working","Male","Clothing"," 9.76","No"," 7.63","Cash"," 93.82000","2024-08-19"
"SPBFUR7289","Saint Petersburg","Member","Working","Male","Furniture"," 9.53","Yes","30.00","Credit Card","228.85912","2024-10-14"
"NSKCLO3085","Novosibirsk","Normal","Working","Male","Clothing",NA,"Yes","20.88","Bank Transfer","127.04000","2024-11-12"
"EKBELE6483","Yekaterinburg","Normal","Student","Female","Electronics",NA,"Yes"," 9.38","Credit Card","106.33557","2024-05-24"
"SPBCLO8160","Saint Petersburg","Member","Working","Female","Clothing",NA,"Yes","27.74","Ewallet","460.82000","2024-03-25"
"SPBGRO3106","Saint Petersburg","Normal",NA,"Female","Groceries",NA,"Yes"," 5.54","Credit Card","197.06000","2024-03-12"
"EKBFUR3303","Yekaterinburg","Normal","Retired","Female","Furniture",NA,"No","11.24","Credit Card","170.60563","2024-09-16"
"NSKELE1153","Novosibirsk","Normal","Retired","Female","Electronics","11.75","Yes","28.81","Ewallet","155.60000","2024-06-27"
"EKBGRO4651","Yekaterinburg","Member","Retired","Male","Groceries"," 8.08","Yes","10.26","Cash","215.91519","2024-03-21"
"SPBGRO4270","Saint Petersburg","Member","Student","Female","Groceries",NA,"No","24.26","Ewallet","228.26000",NA
"EKBCLO2110","Yekaterinburg","Member","Student","Male","Clothing",NA,"No","19.55","Ewallet","115.85979","2024-11-12"
"NSKCLO8027","Novosibirsk","Normal","Working","Male","Clothing","13.21","No","19.47","Bank Transfer"," 29.46000","2024-03-19"
"NSKTOY1615","Novosibirsk","Normal","Student",NA,"Toys",NA,"Yes","29.81","Credit Card","122.89000","2024-05-10"
"SPBGRO7289","Saint Petersburg","Member",NA,"Male","Groceries",NA,"Yes","29.33","Cash","266.78000","2024-02-27"
"NSKGRO3479","Novosibirsk","Member","Working","Female","Groceries",NA,"Yes","17.65","Ewallet","220.21000","2024-12-10"
"NSKCLO4924","Novosibirsk","Member","Student","Female",NA,NA,"Yes","18.91","Credit Card","270.99283","2024-11-14"
"MOWFUR4385","Moscow","Normal","Working","Male","Furniture",NA,"No"," 7.32","Credit Card","161.87010","2024-04-02"
"EKBGRO4961","Yekaterinburg","Normal","Retired","Male",NA,NA,"No","22.02","Ewallet"," 89.79344","2024-07-30"
"NSKGRO7205","Novosibirsk",NA,"Working","Male","Groceries",NA,"No"," 7.52","Credit Card","158.45000","2024-07-24"
"MOWCLO6536","Moscow","Member","Student","Male","Clothing"," 5.21","No"," 9.37","Bank Transfer","202.35507","2024-08-03"
"SPBTOY4557","Saint Petersburg","Normal","Student","Female","Toys","13.93","Yes","29.22","Credit Card","325.93000","2024-07-05"
"EKBTOY9330","Yekaterinburg","Normal","Working","Female","Toys",NA,"No"," 7.49","Ewallet"," 10.00000","2024-11-30"
"EKBTOY7713","Yekaterinburg","Member","Working","Male","Toys",NA,"No","25.61","Credit Card","172.61000","2024-08-22"
"NSKCLO3085","Novosibirsk","Normal","Working","Male","Clothing","10.20","Yes","18.38","Cash","159.81000","2024-02-28"
"EKBELE2110","Yekaterinburg","Member","Student","Male","Electronics","19.65","No","19.55","Bank Transfer","129.31477","2024-01-25"
"EKBCLO4352","Yekaterinburg","Member","Student","Female","Clothing",NA,"Yes"," 7.47","Credit Card","193.22988","2024-02-12"
"SPBGRO6100","Saint Petersburg","Normal","Working","Female","Groceries",NA,"Yes","27.27","Credit Card","301.45000","2024-02-12"
"EKBCLO2155","Yekaterinburg",NA,"Student","Female","Clothing",NA,"Yes",NA,"Credit Card","229.44737","2024-02-19"
"NSKFUR7205","Novosibirsk","Normal","Working","Male","Furniture",NA,"No",NA,"Bank Transfer","173.41593","2024-02-14"
"SPBCLO3274","Saint Petersburg","Member","Student","Male","Clothing",NA,"Yes","21.10","Credit Card",NA,"2024-11-08"
"MOWCLO3453","Moscow","Member","Working","Female","Clothing",NA,NA," 6.93","Credit Card","416.15000","2024-11-21"
"EKBTOY4651","Yekaterinburg","Member","Retired","Male","Toys",NA,"Yes","10.26","Bank Transfer","128.67000","2024-12-22"
"SPBFUR8756","Saint Petersburg","Member","Retired","Female",NA,NA,"Yes","18.25","Credit Card","243.91641","2024-03-28"
"EKBCLO9287","Yekaterinburg","Member",NA,"Male","Clothing",NA,"No","16.20",NA,"104.55000","2024-01-09"
"SPBELE8674","Saint Petersburg","Normal","Retired","Male","Electronics",NA,NA,"15.81","Bank Transfer","273.41000","2024-09-24"
"EKBFUR4045","Yekaterinburg","Member","Retired","Male","Furniture",NA,"No","28.74","Bank Transfer","152.71491","2024-12-02"
"EKBTOY9287","Yekaterinburg","Member","Working","Male","Toys",NA,"No","16.20","Ewallet","163.14000","2024-04-15"
"SPBELE5124","Saint Petersburg","Member","Working","Male","Electronics","13.04","Yes","12.87","Credit Card","373.14441","2024-10-17"
"SPBFUR9774","Saint Petersburg","Normal","Working","Female","Furniture",NA,"Yes"," 5.95","Credit Card","274.95805","2024-11-21"
"SPBCLO2690","Saint Petersburg","Member","Working","Male","Clothing",NA,"Yes"," 5.65","Ewallet","153.45000","2024-05-03"
"SPBFUR6281","Saint Petersburg","Member","Working","Male","Furniture",NA,"Yes","21.49","Bank Transfer",NA,"2024-08-01"
"NSKFUR7760","Novosibirsk",NA,"Working","Male","Furniture",NA,"No","18.76","Bank Transfer",NA,"2024-01-03"
"EKBGRO4188","Yekaterinburg","Member","Working","Female","Groceries",NA,"No","15.67","Credit Card","166.06000","2024-06-24"
"EKBCLO9853","Yekaterinburg","Member","Student","Male","Clothing",NA,"Yes","27.33","Ewallet","173.43708","2024-07-04"
"NSKCLO3085",NA,"Normal","Working","Male","Clothing",NA,"Yes","20.88","Ewallet","191.50000","2024-10-14"
"SPBTOY4213","Saint Petersburg","Member",NA,"Male","Toys",NA,"Yes"," 5.61","Credit Card","249.50000","2024-07-25"
"NSKELE5174","Novosibirsk","Member","Working","Male",NA,NA,"No","20.98","Bank Transfer","260.62200",NA
"EKBELE5851","Yekaterinburg","Member","Student","Male","Electronics",NA,"No","22.53","Cash","113.64305","2024-02-01"
"MOWFUR2340","Moscow","Member","Working","Male",NA,"11.26","No",NA,"Cash","330.83830","2024-09-24"
"EKBCLO6314","Yekaterinburg","Member","Working","Female","Clothing",NA,"No","27.23","Credit Card","209.61000","2024-03-21"
"NSKELE6745","Novosibirsk","Member","Retired","Male","Electronics",NA,"No","14.30","Credit Card","130.66000","2024-07-04"
"SPBELE7770","Saint Petersburg","Member",NA,"Male","Electronics","13.28","Yes","10.61","Ewallet",NA,"2024-10-16"
"EKBGRO6704","Yekaterinburg","Member","Working","Male","Groceries",NA,"Yes","28.90","Ewallet","113.30000","2024-07-17"
"MOWFUR5107","Moscow","Member","Student",NA,"Furniture",NA,"Yes","16.58","Ewallet","301.99257",NA
"NSKTOY8851","Novosibirsk","Normal","Working","Male","Toys"," 6.85","Yes","23.12","Ewallet","120.89000",NA
"EKBELE3487","Yekaterinburg","Member","Retired","Male","Electronics",NA,"No"," 8.40","Cash","148.84000","2024-11-09"
"NSKTOY8883","Novosibirsk","Member","Student","Female","Toys",NA,"Yes","17.02","Credit Card","214.04000","2024-10-14"
"EKBELE6561","Yekaterinburg","Member","Working","Male","Electronics"," 7.97","Yes","11.16","Credit Card","209.07410","2024-11-18"
"SPBELE2962","Saint Petersburg","Normal","Retired","Female","Electronics","16.06","Yes","26.13","Credit Card",NA,"2024-04-04"
"SPBCLO3693","Saint Petersburg","Member","Retired","Male","Clothing","17.28","No","28.30","Credit Card","203.74000","2024-04-17"
NA,"Novosibirsk","Member","Student","Male","Groceries"," 8.76","No","12.89","Bank Transfer"," 70.29000","2024-06-01"
"EKBELE9983","Yekaterinburg","Member","Student","Female","Electronics",NA,"Yes","17.51","Ewallet","103.16712","2024-10-25"
"MOWCLO5064","Moscow","Normal","Working","Male","Clothing",NA,"Yes","27.37","Cash","243.84000","2024-01-05"
"MOWTOY6536","Moscow","Member","Student","Male",NA,NA,"No"," 6.87","Credit Card","375.24000","2024-05-04"
NA,"Yekaterinburg","Normal","Student","Female","Groceries",NA,"No","14.04","Ewallet","121.05000","2024-05-10"
"NSKGRO7205","Novosibirsk","Normal","Working","Male","Groceries",NA,"No"," 5.02","Cash"," 81.96000","2024-04-19"
NA,"Moscow","Normal","Student","Female","Electronics","11.83","Yes","24.60","Ewallet","192.19520","2024-08-22"
"SPBCLO1285","Saint Petersburg","Member","Retired","Male","Clothing",NA,"Yes"," 6.11",NA,"286.77000","2024-04-08"
"EKBFUR9330","Yekaterinburg","Normal","Working","Female","Furniture",NA,NA," 7.49","Credit Card","185.38182",NA
"EKBELE2987","Yekaterinburg","Member","Retired","Male","Electronics",NA,"Yes",NA,"Bank Transfer","104.29000","2024-05-21"
"EKBTOY3303","Yekaterinburg","Normal","Retired","Female","Toys",NA,"No","11.24","Credit Card"," 96.96000","2024-03-23"
"SPBGRO5124","Saint Petersburg","Member","Working","Male","Groceries","13.04","Yes","10.37","Cash","192.14000","2024-02-02"
"MOWTOY4258","Moscow","Member","Working","Female","Toys",NA,"No","15.32","Credit Card","356.10000","2024-10-10"
"MOWGRO7253","Moscow","Normal","Student","Male","Groceries",NA,"No","19.57","Bank Transfer","304.83000","2024-06-15"
"SPBELE4213","Saint Petersburg","Member","Working","Male","Electronics",NA,"Yes"," 5.61","Credit Card","468.28427","2024-07-05"
"SPBFUR6183","Saint Petersburg","Member","Working","Female","Furniture",NA,"Yes","12.39","Credit Card","377.16909","2024-03-24"
"EKBCLO2013","Yekaterinburg","Member","Working","Male","Clothing","18.37","Yes","28.74","Credit Card","166.77000","2024-11-13"
"EKBFUR8960","Yekaterinburg","Member","Retired","Female","Furniture","11.48","Yes","20.03","Ewallet","141.67831","2024-03-25"
"EKBTOY3303","Yekaterinburg","Normal","Retired","Female","Toys",NA,"No","11.24","Credit Card"," 90.08000","2024-01-05"
"MOWELE1861","Moscow","Normal","Working","Female","Electronics",NA,"Yes","23.16",NA,"364.44602","2024-05-29"
"EKBGRO9821","Yekaterinburg","Normal","Working",NA,"Groceries",NA,"No","26.53","Credit Card","114.96000","2024-09-30"
"EKBCLO1796","Yekaterinburg","Normal","Working","Female","Clothing",NA,NA,"16.80","Credit Card","148.98000","2024-01-26"
"EKBGRO8169","Yekaterinburg","Normal","Working","Male","Groceries",NA,"Yes","26.69","Bank Transfer","121.12000","2024-10-14"
NA,"Moscow","Member","Student","Male","Clothing",NA,"No"," 9.37","Cash","250.93120","2024-12-07"
"EKBGRO4004","Yekaterinburg","Member","Working","Female","Groceries","14.75","Yes"," 8.61","Ewallet","139.26000","2024-09-12"
"EKBTOY4961","Yekaterinburg","Normal",NA,"Male","Toys"," 9.00","No","22.02","Cash","135.06000",NA
"EKBFUR4154","Yekaterinburg","Member","Retired","Male","Furniture",NA,"Yes","19.52","Ewallet","149.68139","2024-06-30"
"EKBELE2987","Yekaterinburg","Member","Retired","Male","Electronics"," 8.21","Yes","18.26","Ewallet","153.12000","2024-06-21"
"SPBGRO4557","Saint Petersburg","Normal","Student","Female","Groceries",NA,"Yes","30.00","Ewallet","430.63000","2024-11-04"
"NSKFUR3299","Novosibirsk","Member","Working",NA,"Furniture",NA,NA,"24.67","Cash","165.61336","2024-01-01"
"EKBCLO4204","Yekaterinburg","Normal","Student","Male","Clothing",NA,"Yes"," 5.04","Cash","135.55944","2024-06-28"
"EKBTOY3396","Yekaterinburg",NA,"Student","Female","Toys","18.83","Yes","10.42","Credit Card","171.86000","2024-05-15"
"SPBTOY5326","Saint Petersburg","Normal","Retired","Male","Toys",NA,"Yes","29.22","Cash","255.01000","2024-05-26"
"NSKGRO1153","Novosibirsk","Normal","Retired","Female","Groceries",NA,"Yes","30.00","Ewallet","160.60886","2024-10-07"
"EKBCLO9330","Yekaterinburg","Normal","Working","Female","Clothing",NA,"No"," 7.49","Ewallet",NA,"2024-03-24"
"SPBELE1322","Saint Petersburg","Member","Student","Female","Electronics",NA,"Yes"," 6.29","Credit Card","246.49673","2024-07-07"
"EKBCLO2986","Yekaterinburg","Member","Working","Female","Clothing"," 9.56","Yes"," 6.97","Ewallet","133.26000","2024-06-15"
"SPBELE5124","Saint Petersburg","Member","Working","Male","Electronics",NA,"Yes","12.87","Ewallet","233.86672","2024-12-27"
"EKBGRO2924","Yekaterinburg","Member","Retired","Male","Groceries","12.50","Yes","11.43","Bank Transfer","175.36078","2024-11-24"
"EKBTOY9326","Yekaterinburg","Normal","Student","Female","Toys","18.42","No","11.66","Ewallet","116.35000","2024-01-05"
"EKBGRO6266","Yekaterinburg","Normal","Working","Male","Groceries",NA,"No","20.49","Bank Transfer",NA,"2024-08-26"
"MOWGRO9089","Moscow",NA,"Working","Female",NA,"12.11","Yes","13.79","Credit Card","367.39000",NA
"MOWTOY3676","Moscow","Normal","Retired","Female",NA,NA,"Yes","25.51","Credit Card","291.50000","2024-02-04"
"MOWFUR2340",NA,"Member","Working","Male","Furniture","11.26","No","18.11","Credit Card","376.38222","2024-03-06"
"MOWGRO3908","Moscow","Member","Working","Female","Groceries",NA,"No","30.00","Ewallet","453.54000","2024-09-29"
"NSKTOY3767","Novosibirsk","Normal","Student","Male","Toys",NA,"No","12.30","Bank Transfer","160.25000","2024-07-31"
"EKBTOY6266","Yekaterinburg","Normal","Working","Male","Toys",NA,"No","20.49","Cash","144.95000","2024-06-14"
"SPBFUR6281","Saint Petersburg","Member","Working","Male","Furniture","19.59",NA,"21.49","Credit Card","432.99753","2024-05-26"
"NSKTOY6745","Novosibirsk","Member","Retired","Male","Toys",NA,"No","14.30","Bank Transfer","220.89000","2024-03-17"
NA,"Yekaterinburg","Member","Working","Female","Clothing",NA,"No","15.67","Ewallet","136.25000","2024-06-24"
"MOWFUR6090","Moscow","Member","Retired","Male","Furniture","12.80","Yes"," 7.32","Ewallet","340.59935","2024-08-22"
"MOWCLO7738","Moscow","Member","Student","Male","Clothing",NA,"Yes","29.72","Cash","166.02682","2024-01-25"
"MOWFUR5902","Moscow","Member",NA,"Female","Furniture"," 7.88","Yes","19.08","Credit Card","386.26400","2024-08-16"
"MOWTOY5499","Moscow","Normal","Student","Male","Toys","10.34","Yes","16.38","Cash","258.65000","2024-03-07"
"EKBCLO4082","Yekaterinburg","Normal","Working","Male","Clothing",NA,"No","14.72","Credit Card"," 86.63000","2024-10-06"
"EKBELE4897","Yekaterinburg","Member",NA,"Female","Electronics",NA,"Yes"," 9.26","Ewallet","129.21234",NA
"NSKFUR1615","Novosibirsk","Normal","Student","Male","Furniture",NA,"Yes","29.81","Credit Card","114.81884","2024-12-28"
"NSKCLO3535","Novosibirsk","Normal","Working","Female","Clothing",NA,"Yes"," 6.60","Ewallet","137.51000","2024-05-24"
"SPBTOY8580","Saint Petersburg","Normal","Working","Female","Toys",NA,"Yes","19.59",NA,"319.52000","2024-09-15"
"EKBFUR2155","Yekaterinburg","Normal","Student","Female","Furniture",NA,"Yes","10.66","Credit Card"," 62.87884","2024-08-29"
"MOWTOY3324","Moscow","Normal","Working","Male","Toys",NA,"Yes","15.36","Ewallet","307.58000","2024-02-11"
"MOWELE6090","Moscow","Member","Retired","Male","Electronics",NA,"Yes"," 7.32","Bank Transfer","356.82000","2024-06-22"
"EKBFUR4154",NA,"Member","Retired","Male","Furniture","11.76","Yes","19.52","Cash","191.53403","2024-02-15"
"MOWFUR1420","Moscow","Member","Working","Male","Furniture",NA,"Yes",NA,"Credit Card","359.67214","2024-05-06"
"NSKFUR7774","Novosibirsk","Member","Working","Female","Furniture",NA,"Yes","16.53","Credit Card","157.34746","2024-10-19"
"SPBELE7925","Saint Petersburg","Normal","Working","Male","Electronics","17.54","No","25.60","Cash",NA,"2024-12-02"
"EKBELE5851","Yekaterinburg","Member","Student","Male","Electronics",NA,"No","22.53","Bank Transfer","134.09140","2024-10-15"
"SPBELE7925","Saint Petersburg","Normal","Working","Male",NA,NA,"No","20.60","Ewallet","241.78417","2024-01-16"
"SPBTOY6281","Saint Petersburg","Member","Working","Male","Toys",NA,"Yes","18.99","Cash",NA,"2024-01-18"
"EKBELE8169","Yekaterinburg","Normal","Working","Male","Electronics",NA,"Yes","26.69","Bank Transfer",NA,"2024-03-20"
"EKBCLO3396","Yekaterinburg",NA,"Student","Female","Clothing",NA,"Yes","10.42","Credit Card","238.02852","2024-06-15"
"NSKGRO7434","Novosibirsk","Member","Student","Female","Groceries",NA,"Yes","16.12","Credit Card","235.08000","2024-07-09"
"EKBELE1623","Yekaterinburg","Normal","Working","Female","Electronics",NA,"No"," 7.55","Credit Card","178.91999","2024-08-19"
"EKBFUR8960","Yekaterinburg","Member","Retired","Female",NA,NA,"Yes","20.03","Credit Card","164.88076","2024-02-25"
"MOWELE7738","Moscow","Member","Student","Male","Electronics",NA,"Yes","30.00","Ewallet",NA,"2024-10-23"
"NSKGRO7614","Novosibirsk","Normal","Working","Female",NA,NA,"No","17.34","Ewallet","188.22000","2024-05-11"
"NSKCLO7506","Novosibirsk","Member","Student","Male","Clothing",NA,"Yes","24.44","Credit Card","294.45742","2024-05-05"
"MOWGRO4258","Moscow","Member","Working","Female","Groceries",NA,"No","12.82","Credit Card","311.23000","2024-03-21"
"SPBFUR9481","Saint Petersburg","Member","Retired","Female","Furniture",NA,"No","29.14","Credit Card","320.03545","2024-05-04"
"EKBCLO9853",NA,"Member","Student","Male","Clothing","10.23","Yes","27.33","Cash","126.07409","2024-01-04"
"EKBTOY9326","Yekaterinburg","Normal",NA,"Female",NA,NA,"No","11.66","Credit Card","131.26000",NA
"NSKTOY8797","Novosibirsk","Member","Working","Male","Toys","10.08","Yes","25.28","Cash","183.20000","2024-09-15"
"EKBCLO2271","Yekaterinburg","Member","Student","Male","Clothing",NA,"No","28.90","Cash","157.12648","2024-11-21"
"SPBTOY6183","Saint Petersburg","Member","Working","Female","Toys","16.63","Yes","12.39","Ewallet","191.84000","2024-06-02"
"EKBGRO2800","Yekaterinburg","Normal","Working","Female","Groceries",NA,"No","26.47","Credit Card","138.93000","2024-02-12"
"NSKTOY1941","Novosibirsk","Normal","Working","Male","Toys",NA,"Yes","30.00","Credit Card","203.21000","2024-12-28"
"NSKTOY7614","Novosibirsk","Normal","Working","Female","Toys","17.76","No","17.34","Credit Card","143.67000","2024-06-06"
"SPBFUR7289","Saint Petersburg","Member",NA,"Male","Furniture",NA,"Yes","29.33","Ewallet","278.90114","2024-02-14"
"NSKGRO7614","Novosibirsk","Normal","Working","Female","Groceries",NA,"No","17.34","Ewallet","134.22000","2024-09-14"
NA,"Yekaterinburg","Normal","Working",NA,"Groceries","11.83","No","26.47","Credit Card","140.16000","2024-08-31"
"SPBELE8221","Saint Petersburg","Member","Working","Female","Electronics",NA,"No","13.41","Ewallet","298.92213","2024-05-09"
"EKBTOY6266","Yekaterinburg","Normal","Working","Male","Toys",NA,"No","20.49","Credit Card","164.52000","2024-07-27"
"NSKTOY1244","Novosibirsk","Member","Student","Female","Toys",NA,NA,"10.10","Credit Card","133.34000","2024-06-04"
"MOWFUR2368","Moscow","Member","Working","Female","Furniture",NA,"No","17.64","Credit Card","362.68893","2024-06-06"
"EKBFUR1982","Yekaterinburg","Member","Retired","Male","Furniture",NA,"Yes","19.94","Bank Transfer","174.54376","2024-08-15"
"EKBELE5508","Yekaterinburg","Normal","Student","Male","Electronics",NA,"Yes","17.70","Cash","109.27674","2024-05-30"
"SPBCLO8742","Saint Petersburg","Member","Retired","Female","Clothing",NA,"Yes",NA,"Credit Card","321.16000","2024-03-21"
"EKBCLO9983","Yekaterinburg","Member","Student","Female",NA,NA,"Yes","17.51","Credit Card","244.53262","2024-10-03"
"SPBGRO5655","Saint Petersburg","Member","Retired","Female","Groceries",NA,"No",NA,"Credit Card","320.40988","2024-10-06"
"EKBELE4082","Yekaterinburg","Normal","Working","Male","Electronics",NA,"No","14.72","Bank Transfer","158.12832","2024-02-28"
"SPBGRO2690",NA,"Member","Working","Male",NA,NA,"Yes"," 5.65","Bank Transfer","175.49000","2024-02-25"
"MOWCLO4258","Moscow","Member","Working",NA,"Clothing",NA,"No","12.82","Ewallet","305.23000","2024-03-24"
"NSKFUR1244","Novosibirsk","Member","Student","Female","Furniture",NA,"Yes","12.60","Credit Card"," 76.88252","2024-11-25"
"SPBCLO9431","Saint Petersburg","Member","Working","Male","Clothing",NA,"Yes","23.30","Cash","298.13000","2024-11-13"
"SPBFUR1322","Saint Petersburg","Member","Student","Female","Furniture"," 8.28","Yes"," 6.29","Credit Card","215.34498","2024-01-01"
"EKBFUR9821","Yekaterinburg","Normal","Working","Male","Furniture",NA,"No","26.53","Ewallet","119.48219","2024-08-22"
"SPBFUR6779","Saint Petersburg","Normal","Student","Male","Furniture",NA,"No","23.08","Ewallet","185.03382","2024-10-30"
"MOWFUR6785","Moscow","Normal","Working","Female","Furniture"," 6.37","No","13.55","Credit Card","202.65367","2024-01-28"
"SPBGRO5655","Saint Petersburg","Member","Retired","Female","Groceries",NA,"No",NA,"Credit Card","255.82818","2024-01-16"
NA,"Moscow","Member","Retired",NA,"Clothing",NA,"Yes"," 7.32","Credit Card","198.67000","2024-06-04"
NA,"Moscow","Normal","Student","Female","Groceries",NA,"No","17.29","Ewallet","272.54000","2024-12-20"
"NSKFUR1153","Novosibirsk","Normal","Retired","Female","Furniture","11.75","Yes","28.81","Credit Card","262.37910","2024-06-23"
"MOWGRO5902","Moscow","Member","Retired","Female","Groceries",NA,"Yes","19.08","Credit Card","400.32666","2024-12-24"
"EKBFUR9330","Yekaterinburg","Normal","Working","Female","Furniture",NA,"No"," 7.49","Credit Card","152.41351","2024-03-28"
"NSKCLO7760","Novosibirsk","Normal","Working","Male","Clothing",NA,"No","18.76","Credit Card","118.90000","2024-12-23"
"NSKCLO7883","Novosibirsk","Member","Working","Male","Clothing"," 9.76","No"," 7.63","Bank Transfer","216.33000","2024-02-29"
"EKBGRO5551","Yekaterinburg","Member","Retired","Male","Groceries",NA,"Yes","19.69","Credit Card","116.11610","2024-08-31"
"NSKELE9505","Novosibirsk","Member","Student","Male","Electronics",NA,"No","15.47","Cash","152.36841","2024-07-20"
"EKBCLO2271","Yekaterinburg","Member","Student","Male","Clothing",NA,"No","28.90","Bank Transfer","136.22777","2024-06-04"
"EKBCLO4897","Yekaterinburg","Member",NA,"Female","Clothing","15.20","Yes"," 9.26","Credit Card","159.10441","2024-06-27"
"SPBGRO6331","Saint Petersburg","Member","Working","Male","Groceries",NA,"No","27.89","Cash","377.67000","2024-11-14"
"EKBTOY9853","Yekaterinburg","Member","Student","Male","Toys",NA,"Yes","29.83","Bank Transfer","212.92000","2024-11-18"
"MOWTOY3194","Moscow","Normal","Working","Female","Toys","15.06","Yes",NA,"Ewallet","276.54000","2024-01-10"
"EKBELE9287","Yekaterinburg","Member","Working","Male","Electronics",NA,"No","16.20","Ewallet","269.71683","2024-04-02"
"EKBCLO9821","Yekaterinburg","Normal","Working","Male","Clothing","13.88","No","26.53","Bank Transfer"," 82.72000","2024-11-07"
"EKBGRO5725","Yekaterinburg","Normal","Working","Female","Groceries",NA,"Yes"," 6.33","Credit Card","134.28000","2024-11-24"
"EKBGRO3471","Yekaterinburg","Member","Working","Female",NA,NA,"Yes"," 7.03","Credit Card","176.47000","2024-03-05"
"EKBELE9983","Yekaterinburg","Member","Student","Female","Electronics"," 8.40","Yes","17.51","Credit Card"," 85.43495","2024-05-21"
"SPBELE3693","Saint Petersburg","Member","Retired","Male","Electronics",NA,NA,"28.30","Ewallet","370.91000","2024-10-14"
"MOWGRO4845","Moscow","Member","Working","Female","Groceries",NA,"Yes","24.83",NA,"395.68000",NA
"EKBELE3396","Yekaterinburg","Member","Student","Female","Electronics",NA,"Yes","10.42","Credit Card","138.85148","2024-03-31"
"NSKFUR5143","Novosibirsk","Member","Student","Male",NA,NA,"No","12.89","Credit Card","149.88028","2024-09-28"
"NSKGRO5174","Novosibirsk",NA,"Working","Male","Groceries",NA,"No","20.98","Cash","129.00000","2024-02-23"
"EKBGRO3770","Yekaterinburg",NA,"Working","Male","Groceries",NA,"Yes","10.11","Bank Transfer","130.59000","2024-04-08"
"EKBGRO1272","Yekaterinburg","Normal","Student","Female","Groceries",NA,"Yes","12.91","Credit Card"," 78.56000","2024-02-17"
"MOWELE6536","Moscow","Member","Student","Male","Electronics",NA,"No"," 6.87","Credit Card","220.81526","2024-06-15"
"SPBGRO5655","Saint Petersburg","Member","Retired","Female","Groceries","17.31","No","12.28","Ewallet","340.52792","2024-11-17"
"SPBGRO3153","Saint Petersburg","Normal","Working","Male","Groceries",NA,"No","20.40","Ewallet","144.97000","2024-07-04"
"MOWELE2636","Moscow",NA,"Working","Male","Electronics",NA,"Yes","27.48","Credit Card","467.57457",NA
"SPBELE7770",NA,"Member","Working","Male","Electronics",NA,"Yes"," 8.11","Credit Card",NA,"2024-05-07"
"NSKFUR9142","Novosibirsk","Member","Student","Female",NA,NA,"Yes","12.48","Credit Card","189.20636","2024-04-12"
"MOWFUR7738","Moscow","Member","Student","Male","Furniture",NA,"Yes","29.72","Bank Transfer","181.77042","2024-01-07"
"EKBELE5104",NA,"Member","Student","Male","Electronics",NA,"No",NA,"Cash","140.49479","2024-03-26"
"EKBFUR5950","Yekaterinburg","Normal","Working","Male","Furniture",NA,"No","22.53","Credit Card"," 78.01888","2024-09-06"
"EKBFUR6314","Yekaterinburg","Member","Working","Female","Furniture",NA,"No","27.23","Credit Card","195.72904","2024-04-12"
"SPBCLO7925","Saint Petersburg",NA,"Working","Male","Clothing",NA,"No",NA,"Bank Transfer","135.88000","2024-01-10"
"SPBTOY8756","Saint Petersburg","Member","Retired","Female","Toys","14.15","Yes","20.75","Ewallet","315.25000","2024-11-19"
"NSKGRO1153","Novosibirsk","Normal","Retired","Female","Groceries",NA,"Yes","28.81","Credit Card","199.75647","2024-06-22"
"EKBTOY4300","Yekaterinburg","Member","Working","Female","Toys",NA,"Yes","14.48","Ewallet","183.48000","2024-12-14"
"NSKELE4114","Novosibirsk","Normal","Student","Female","Electronics",NA,"No","23.28","Credit Card","103.74288","2024-02-16"
"NSKELE7205","Novosibirsk","Normal","Working","Male","Electronics",NA,"No"," 7.52","Credit Card",NA,"2024-09-22"
"SPBCLO8580","Saint Petersburg","Normal","Working","Female","Clothing",NA,"Yes",NA,"Credit Card","340.76000","2024-02-25"
"EKBGRO8894","Yekaterinburg","Normal","Student","Female","Groceries"," 9.84","No","14.04","Credit Card","118.73000",NA
"MOWELE1670","Moscow","Normal","Working","Male","Electronics",NA,"Yes","19.68","Ewallet","340.68587","2024-03-02"
"NSKGRO1615","Novosibirsk","Normal","Student","Male","Groceries",NA,"Yes","29.81","Credit Card","145.06000","2024-08-22"
"MOWCLO2368","Moscow","Member","Working","Female","Clothing",NA,"No","15.14","Credit Card","559.65000","2024-03-02"
"EKBGRO6704","Yekaterinburg","Member","Working","Male","Groceries",NA,"Yes","28.90","Credit Card","135.63000","2024-10-11"
"EKBFUR4300","Yekaterinburg","Member","Working","Female","Furniture","19.06","Yes","14.48","Ewallet","141.11083","2024-12-19"
"NSKCLO2076","Novosibirsk","Normal","Working","Female","Clothing",NA,"Yes","18.03",NA,NA,"2024-06-10"
"NSKCLO8797","Novosibirsk","Member","Working","Male","Clothing",NA,"Yes","22.78","Credit Card","130.79000","2024-08-02"
"EKBCLO5551","Yekaterinburg","Member","Retired","Male","Clothing","12.64","Yes","19.69","Bank Transfer","146.74000","2024-12-14"
NA,"Saint Petersburg","Member","Working","Male","Furniture"," 9.53","Yes","30.00","Cash","314.43209","2024-03-24"
"SPBTOY8674","Saint Petersburg","Normal","Retired","Male","Toys",NA,"Yes","18.31","Ewallet","327.68000","2024-10-23"
"MOWTOY7738","Moscow","Member","Student","Male",NA,"11.51","Yes","30.00","Bank Transfer","329.23000","2024-05-22"
"SPBFUR9431","Saint Petersburg","Member","Working","Male","Furniture",NA,"Yes","23.30","Cash","266.25790","2024-07-18"
"NSKFUR7883","Novosibirsk","Member","Working","Male","Furniture",NA,"No"," 7.63","Cash","168.90176","2024-04-30"
"EKBTOY2155","Yekaterinburg",NA,"Student","Female","Toys",NA,"Yes","10.66","Ewallet"," 92.12000","2024-05-14"
"EKBELE5551","Yekaterinburg","Member","Retired","Male","Electronics",NA,"Yes","19.69","Ewallet","124.25000","2024-03-23"
"EKBTOY7713","Yekaterinburg","Member","Working","Male","Toys",NA,"No","25.61","Ewallet","140.72000",NA
"NSKTOY6315","Novosibirsk","Member","Retired","Male","Toys",NA,"Yes"," 6.98","Bank Transfer","118.33000","2024-07-09"
"SPBFUR6281","Saint Petersburg","Member","Working","Male","Furniture","19.59","Yes","18.99","Cash","311.54997",NA
"SPBTOY7925","Saint Petersburg","Normal","Working","Male","Toys",NA,"No","23.10","Ewallet","216.74000","2024-04-02"
"EKBELE8960","Yekaterinburg","Member","Retired","Female","Electronics",NA,"Yes","20.03","Credit Card","194.88000","2024-10-29"
"EKBFUR1797","Yekaterinburg","Normal","Student","Female","Furniture","16.77","No","18.53","Credit Card"," 96.69662","2024-12-21"
"NSKTOY8946","Novosibirsk","Normal","Student","Female","Toys",NA,NA,"25.55","Credit Card","138.40000","2024-04-21"
NA,"Yekaterinburg","Member","Student","Male","Clothing",NA,"No","29.41","Cash","155.08914","2024-11-29"
"SPBTOY4029","Saint Petersburg","Normal","Retired","Male",NA,NA,"No","19.56","Bank Transfer","267.26000","2024-01-17"
"NSKGRO1941","Novosibirsk","Normal","Working","Male","Groceries",NA,"Yes","27.59","Credit Card","151.72000","2024-04-23"
"NSKELE7434","Novosibirsk","Member","Student","Female","Electronics","15.93",NA,"16.12","Credit Card","141.66360","2024-12-28"
"SPBGRO8543","Saint Petersburg","Normal","Working","Female","Groceries"," 8.72","No",NA,"Ewallet","261.74000",NA
"MOWFUR5177","Moscow","Member","Retired",NA,"Furniture",NA,"Yes","21.78","Bank Transfer","346.61175","2024-01-02"
"NSKGRO4114","Novosibirsk",NA,"Student","Female","Groceries"," 8.72","No","23.28","Ewallet","201.33000","2024-04-09"
"SPBTOY2690","Saint Petersburg","Member","Working","Male","Toys",NA,"Yes"," 5.65","Bank Transfer",NA,"2024-05-26"
"EKBELE5864","Yekaterinburg","Normal","Working","Female","Electronics",NA,"Yes","12.65","Credit Card","232.98945","2024-09-05"
"EKBELE4204","Yekaterinburg","Normal","Student","Male","Electronics",NA,"Yes"," 5.04","Ewallet"," 59.92688","2024-02-18"
"EKBGRO8894","Yekaterinburg","Normal",NA,"Female","Groceries"," 9.84","No","14.04","Credit Card","128.61000","2024-08-15"
"SPBTOY5124","Saint Petersburg","Member","Working","Male","Toys",NA,"Yes","12.87","Ewallet","260.18000","2024-08-15"
"MOWELE3324","Moscow","Normal","Working","Male","Electronics","14.28","Yes","17.86","Bank Transfer","359.13426","2024-10-24"
"SPBTOY6183","Saint Petersburg","Member","Working","Female","Toys",NA,"Yes","12.39",NA,"289.07000","2024-12-07"
"EKBCLO3487","Yekaterinburg","Member","Retired","Male","Clothing",NA,"No"," 8.40","Cash","113.54000","2024-07-24"
"NSKFUR7614","Novosibirsk","Normal","Working","Female","Furniture","17.76","No","17.34","Credit Card","216.15398","2024-09-03"
"EKBTOY8960","Yekaterinburg","Member","Retired","Female","Toys","11.48","Yes","20.03","Credit Card","175.20000","2024-06-18"
NA,"Saint Petersburg","Normal","Working","Male","Groceries",NA,"Yes"," 6.13","Ewallet","172.41000",NA
"SPBFUR2690","Saint Petersburg","Member","Working","Male","Furniture",NA,"Yes"," 8.15","Credit Card","150.06095","2024-07-10"
"SPBTOY7925","Saint Petersburg","Normal","Working","Male","Toys",NA,"No","23.10","Credit Card",NA,"2024-07-10"
NA,"Saint Petersburg","Member","Working","Male","Groceries","10.04","No","27.89","Cash","235.12000","2024-11-20"
"EKBELE1339","Yekaterinburg","Member","Working","Female","Electronics",NA,"Yes","19.30","Credit Card","187.38564","2024-03-01"
"SPBGRO5655","Saint Petersburg","Member","Retired","Female",NA,"17.31","No"," 9.78","Credit Card","359.65926","2024-06-30"
"EKBTOY3005","Yekaterinburg","Member","Working","Male","Toys","12.47","Yes"," 9.13","Credit Card","174.19000","2024-03-13"
"NSKGRO8477","Novosibirsk","Member","Working","Female","Groceries","15.96","Yes","15.15","Credit Card","254.03000","2024-03-08"
"EKBELE4204","Yekaterinburg","Normal","Student","Male",NA,"10.85","Yes"," 5.04","Bank Transfer"," 94.98193","2024-04-02"
"EKBELE3891","Yekaterinburg","Member","Working","Male","Electronics","12.43","No","13.64","Credit Card","244.56124","2024-08-22"
"EKBELE9326","Yekaterinburg","Normal","Student","Female","Electronics",NA,NA,"11.66","Ewallet"," 10.00000","2024-04-10"
"NSKTOY7205","Novosibirsk","Normal","Working","Male","Toys",NA,"No"," 5.02","Credit Card","195.71000","2024-03-30"
"SPBGRO6115","Saint Petersburg","Normal","Working","Male","Groceries",NA,"No",NA,"Bank Transfer","110.18000","2024-09-15"
"EKBTOY4601","Yekaterinburg","Member","Working","Male","Toys",NA,"No"," 5.71","Bank Transfer","166.54000","2024-02-21"
"NSKGRO6673","Novosibirsk","Member","Working","Female",NA,NA,"No"," 6.65","Credit Card","225.94000","2024-11-20"
"SPBGRO6115","Saint Petersburg","Normal","Working","Male","Groceries","16.89","No","28.50","Cash","294.79000","2024-01-14"
"MOWFUR6785","Moscow","Normal","Working","Female","Furniture",NA,"No","13.55","Credit Card","232.16892","2024-12-03"
"EKBELE4045","Yekaterinburg","Member","Retired","Male","Electronics",NA,"No","28.74","Ewallet","146.46000","2024-01-13"
"EKBTOY4204","Yekaterinburg","Normal","Student","Male","Toys","10.85","Yes"," 5.04","Bank Transfer","102.51000","2024-02-27"
"EKBELE3099","Yekaterinburg","Member","Retired","Female","Electronics",NA,"Yes"," 7.88","Ewallet","154.59000","2024-10-10"
"NSKELE5143","Novosibirsk","Member","Student","Male","Electronics",NA,"No","12.89","Cash","130.51745","2024-01-03"
"MOWCLO3324","Moscow","Normal","Working",NA,"Clothing",NA,"Yes","15.36","Credit Card","285.82000","2024-04-21"
"EKBELE3005","Yekaterinburg","Member","Working","Male","Electronics","12.47","Yes"," 9.13","Cash","216.23503","2024-08-31"
"SPBELE2962","Saint Petersburg","Normal","Retired","Female","Electronics",NA,"Yes","28.63","Credit Card","434.05000","2024-07-19"
"EKBFUR7458","Yekaterinburg","Normal","Student","Female","Furniture"," 5.50","Yes","11.43","Credit Card"," 55.98358","2024-02-11"
"MOWGRO1420","Moscow","Member","Working","Male","Groceries",NA,"Yes","30.00","Credit Card","195.59000","2024-11-23"
"MOWFUR6785","Moscow","Normal","Working","Female",NA,NA,NA,"13.55","Credit Card","196.65583","2024-01-20"
"EKBGRO9821","Yekaterinburg","Normal","Working","Male",NA,NA,"No","26.53","Bank Transfer"," 65.09000","2024-11-29"
"EKBTOY1796","Yekaterinburg","Normal","Working","Female","Toys"," 5.69","Yes","16.80","Credit Card","123.74000","2024-04-13"
"EKBTOY1797","Yekaterinburg","Normal","Student","Female","Toys",NA,"No","18.53","Credit Card","158.99000","2024-09-15"
"SPBGRO2719","Saint Petersburg","Member","Student","Female","Groceries",NA,"No","12.43","Credit Card","209.38000","2024-05-04"
"NSKTOY8797","Novosibirsk","Member","Working","Male","Toys",NA,NA,"22.78","Bank Transfer","199.81000","2024-03-13"
"NSKFUR6315","Novosibirsk","Member","Retired","Male","Furniture","16.22","Yes"," 6.98","Credit Card","286.66980","2024-12-01"
"SPBTOY3153","Saint Petersburg","Normal","Working","Male","Toys",NA,"No","20.40","Cash",NA,NA
"SPBTOY2962","Saint Petersburg",NA,"Retired","Female","Toys",NA,"Yes","26.13",NA,"250.76000","2024-03-18"
"SPBTOY4557","Saint Petersburg","Normal","Student","Female","Toys",NA,"Yes","30.00","Ewallet","232.74000","2024-12-10"
"MOWTOY3072","Moscow","Normal","Student","Male",NA,NA,"Yes","10.06","Ewallet","334.35000","2024-04-12"
"EKBGRO4004","Yekaterinburg","Member","Working","Female","Groceries","14.75","Yes"," 8.61","Credit Card","104.57000","2024-03-12"
"MOWCLO1670","Moscow","Normal","Working","Male","Clothing",NA,"Yes","19.68","Credit Card","171.43000","2024-01-05"
"SPBGRO6115","Saint Petersburg","Normal","Working","Male","Groceries",NA,"No","28.50","Ewallet",NA,"2024-05-11"
"EKBGRO4045","Yekaterinburg","Member","Retired","Male","Groceries",NA,"No","28.74","Cash","217.67512","2024-01-09"
NA,"Yekaterinburg","Member",NA,"Male","Clothing",NA,"Yes","27.33","Cash","181.88299","2024-01-29"
"NSKCLO3085","Novosibirsk","Normal","Working","Male","Clothing",NA,"Yes","18.38","Bank Transfer","193.10000","2024-02-18"
"SPBTOY7067","Saint Petersburg","Normal","Working",NA,"Toys",NA,"Yes"," 6.13","Credit Card","153.91000","2024-04-22"
"NSKGRO8851","Novosibirsk","Normal","Working","Male","Groceries",NA,"Yes","23.12","Cash","136.11000","2024-02-12"
"NSKFUR6315","Novosibirsk","Member","Retired","Male",NA,NA,"Yes"," 6.98","Cash",NA,"2024-03-15"
"SPBFUR1322","Saint Petersburg","Member","Student","Female","Furniture",NA,NA," 6.29","Credit Card","112.91532","2024-09-06"
"EKBFUR1796","Yekaterinburg","Normal","Working","Female","Furniture",NA,"Yes","16.80","Credit Card","174.64506",NA
"SPBFUR9774","Saint Petersburg","Normal","Working","Female","Furniture","17.64","Yes"," 5.95","Credit Card","155.33529","2024-05-15"
"MOWTOY6090","Moscow","Member","Retired","Male","Toys","12.80","Yes"," 7.32","Ewallet"," 70.26000","2024-06-18"
"SPBGRO4270","Saint Petersburg","Member","Student","Female","Groceries",NA,"No","24.26","Ewallet","271.39000","2024-02-06"
"NSKTOY3299","Novosibirsk","Member","Working","Male","Toys",NA,"No","24.67","Cash","146.74000","2024-05-31"
"EKBCLO1982","Yekaterinburg","Member","Retired","Male","Clothing",NA,"Yes","19.94","Cash","183.70000","2024-08-01"
"SPBCLO8756","Saint Petersburg","Member","Retired","Female","Clothing","14.15","Yes","18.25","Ewallet","339.45000","2024-07-31"
"SPBELE4333","Saint Petersburg","Member","Working","Male","Electronics",NA,"No"," 8.22","Bank Transfer","345.75612","2024-12-15"
"MOWELE4845","Moscow","Member","Working","Female","Electronics",NA,"Yes","24.83","Credit Card","389.40217",NA
"EKBGRO3484","Yekaterinburg","Member","Retired","Male","Groceries",NA,"No","15.85","Bank Transfer","216.18660","2024-12-01"
"SPBELE7067","Saint Petersburg","Normal","Working",NA,"Electronics"," 5.18","Yes"," 6.13","Credit Card","169.71712","2024-05-21"
"EKBFUR5508","Yekaterinburg","Normal","Student","Male","Furniture",NA,"Yes","17.70","Cash",NA,"2024-07-19"
"SPBELE2962","Saint Petersburg","Normal","Retired","Female","Electronics","16.06","Yes","28.63","Ewallet","253.70000","2024-06-21"
"EKBELE4961","Yekaterinburg","Normal","Retired","Male","Electronics"," 9.00","No","22.02","Cash","135.03000","2024-12-05"
"EKBCLO4961","Yekaterinburg","Normal","Retired","Male","Clothing"," 9.00","No","22.02","Ewallet"," 75.78000","2024-01-13"
"MOWGRO7738","Moscow","Member",NA,"Male","Groceries",NA,"Yes","29.72","Ewallet","371.29000","2024-03-23"
"EKBTOY9853","Yekaterinburg","Member","Student","Male","Toys",NA,"Yes","27.33","Bank Transfer","230.62000","2024-07-30"
"EKBFUR2987","Yekaterinburg","Member","Retired","Male","Furniture",NA,"Yes","18.26","Bank Transfer","213.16583","2024-07-05"
"NSKTOY1615","Novosibirsk",NA,"Student","Male","Toys",NA,NA,"29.81","Credit Card","144.11000","2024-02-23"
"EKBCLO4961","Yekaterinburg","Normal","Retired","Male","Clothing",NA,"No","22.02",NA,"101.82000","2024-10-19"
"MOWFUR3244","Moscow","Member","Retired","Female","Furniture",NA,"Yes","26.66","Ewallet","279.08374","2024-12-13"
"NSKFUR1153","Novosibirsk",NA,NA,"Female","Furniture",NA,NA,"28.81","Credit Card","165.68013","2024-05-19"
"MOWGRO3453","Moscow","Member","Working","Female","Groceries",NA,"No"," 6.93","Credit Card","200.30000","2024-05-11"
"MOWELE1590","Moscow","Member","Working","Male","Electronics","13.04","Yes","15.73","Bank Transfer","543.75394","2024-11-16"
"MOWELE5107","Moscow","Member","Student","Male","Electronics",NA,"Yes","14.08","Ewallet","457.44134","2024-07-10"
"EKBGRO2924","Yekaterinburg","Member","Retired","Male","Groceries","12.50","Yes","11.43","Credit Card","143.35443","2024-04-09"
"EKBFUR1982","Yekaterinburg","Member","Retired","Male","Furniture",NA,"Yes","19.94","Cash","162.52170","2024-12-22"
"SPBCLO8160","Saint Petersburg","Member","Working","Female","Clothing",NA,"Yes","30.00","Ewallet","406.41000","2024-10-30"
"NSKELE9142","Novosibirsk","Member","Student","Female","Electronics",NA,"Yes","12.48","Credit Card","188.51324","2024-01-09"
"NSKELE3767","Novosibirsk","Normal","Student","Male","Electronics",NA,"No","12.30","Credit Card","131.55155","2024-07-29"
"EKBGRO4004","Yekaterinburg","Member","Working",NA,"Groceries","14.75","Yes"," 8.61",NA,"131.62000","2024-04-14"
"NSKGRO8851","Novosibirsk","Normal","Working","Male","Groceries",NA,"Yes","23.12","Ewallet"," 79.83000","2024-08-13"
"MOWFUR6785","Moscow","Normal","Working","Female","Furniture",NA,"No","16.05","Credit Card","137.13885","2024-12-19"
"EKBFUR3303","Yekaterinburg","Normal","Retired",NA,"Furniture",NA,"No","11.24","Ewallet"," 90.71704","2024-05-27"
"EKBFUR3770","Yekaterinburg","Member","Working","Male","Furniture",NA,"Yes","10.11","Bank Transfer","147.07251","2024-05-15"
"EKBFUR9923","Yekaterinburg","Member",NA,"Female","Furniture",NA,"Yes","27.31","Credit Card","219.40960","2024-02-01"
"NSKTOY3085","Novosibirsk",NA,"Working","Male","Toys","10.20","Yes","18.38","Credit Card","119.78000","2024-09-24"
"NSKTOY1244","Novosibirsk","Member","Student","Female","Toys"," 8.96","Yes","10.10","Credit Card","247.23000","2024-03-08"
NA,"Novosibirsk",NA,"Student","Female","Furniture",NA,"Yes","16.41","Credit Card","153.61766","2024-04-08"
"EKBFUR3396","Yekaterinburg","Member","Student","Female","Furniture",NA,"Yes","12.92","Credit Card","171.76714","2024-09-02"
"EKBELE4045","Yekaterinburg","Member","Retired","Male","Electronics",NA,"No","28.74","Bank Transfer","185.80000","2024-07-18"
"EKBTOY9983","Yekaterinburg","Member","Student","Female","Toys",NA,"Yes","17.51","Credit Card"," 81.98000","2024-06-28"
NA,"Moscow","Member","Working","Male","Electronics",NA,"No","18.11","Cash","285.35087","2024-04-21"
"NSKELE3479","Novosibirsk","Member","Working","Female","Electronics",NA,"Yes","17.65","Ewallet","330.63243","2024-09-08"
"SPBTOY4213","Saint Petersburg","Member","Working","Male",NA,NA,NA,NA,"Cash","136.78000","2024-12-10"
"SPBTOY6281","Saint Petersburg","Member","Working","Male","Toys",NA,"Yes","23.99","Credit Card","180.11000","2024-12-12"
"EKBGRO1797","Yekaterinburg","Normal","Student","Female","Groceries","16.77","No","18.53","Credit Card","165.41000","2024-01-15"
"EKBELE2155","Yekaterinburg","Normal","Student",NA,NA,NA,"Yes","10.66","Credit Card"," 78.03276","2024-09-05"
"EKBCLO1648","Yekaterinburg","Normal","Working",NA,"Clothing",NA,"No","28.52","Credit Card","212.10000","2024-01-24"
"NSKTOY7434","Novosibirsk","Member","Student","Female","Toys",NA,"Yes","16.12","Credit Card","187.82000","2024-03-12"
"SPBGRO2962","Saint Petersburg","Normal","Retired","Female","Groceries",NA,"Yes","26.13","Credit Card","245.30459","2024-04-10"
"EKBELE5725","Yekaterinburg","Normal","Working","Female","Electronics","13.80","Yes"," 6.33","Ewallet","233.08569","2024-06-25"
"SPBFUR1061","Saint Petersburg","Normal","Retired","Male","Furniture",NA,"Yes"," 5.33","Cash","356.86328","2024-04-17"
"EKBFUR5725","Yekaterinburg","Normal","Working","Female","Furniture","13.80","Yes",NA,NA,NA,"2024-09-13"
"SPBCLO4270","Saint Petersburg","Member","Student","Female","Clothing",NA,"No","24.26","Credit Card","434.00713","2024-01-26"
"MOWFUR7738","Moscow","Member","Student","Male","Furniture",NA,"Yes","30.00","Credit Card","170.78885","2024-11-11"
"MOWCLO6785","Moscow","Normal","Working","Female","Clothing",NA,"No","13.55","Credit Card","299.53000",NA
"EKBFUR3891","Yekaterinburg","Member","Working","Male","Furniture",NA,"No","13.64","Cash","155.02183","2024-10-02"
"EKBFUR5104","Yekaterinburg","Member","Student","Male","Furniture",NA,"No","29.41","Cash"," 86.32222","2024-09-04"
"EKBCLO4045","Yekaterinburg","Member","Retired","Male","Clothing",NA,"No","28.74","Ewallet","154.66000","2024-04-03"
"NSKGRO9253","Novosibirsk","Normal","Student","Male","Groceries",NA,"Yes","27.52","Cash","171.60000","2024-03-27"
"NSKCLO7760","Novosibirsk","Normal","Working","Male","Clothing",NA,"No","18.76","Credit Card"," 55.09000","2024-07-05"
"EKBTOY3303","Yekaterinburg","Normal","Retired","Female","Toys","11.59",NA,"11.24","Credit Card"," 91.02000","2024-10-28"
"MOWFUR1420","Moscow","Member","Working","Male","Furniture",NA,"Yes","30.00","Bank Transfer","401.27822","2024-10-10"
"EKBTOY5551","Yekaterinburg",NA,"Retired","Male","Toys",NA,"Yes","19.69","Ewallet","182.14000","2024-04-21"
"EKBTOY3891","Yekaterinburg","Member","Working",NA,"Toys",NA,"No","13.64","Credit Card","115.13000","2024-06-29"
"NSKELE8851","Novosibirsk","Normal","Working",NA,"Electronics",NA,"Yes","23.12","Ewallet","203.93122","2024-07-31"
"EKBFUR9923","Yekaterinburg","Member","Working","Female","Furniture",NA,"Yes","27.31","Credit Card","198.01525","2024-03-01"
"NSKTOY8883","Novosibirsk","Member","Student","Female","Toys",NA,"Yes","14.52","Ewallet","237.45000","2024-03-25"
"SPBCLO2690","Saint Petersburg","Member","Working","Male","Clothing","18.43",NA," 5.65","Cash","147.09000",NA
"MOWTOY4385","Moscow","Normal",NA,"Male","Toys",NA,NA," 7.32","Cash","289.83000","2024-09-06"
"SPBFUR6331","Saint Petersburg","Member","Working","Male","Furniture",NA,"No","27.89","Cash","233.53023","2024-12-01"
"SPBFUR9431","Saint Petersburg","Member","Working","Male","Furniture",NA,"Yes","20.80","Cash","280.79948","2024-02-15"
"NSKFUR7434","Novosibirsk","Member","Student",NA,"Furniture",NA,"Yes","16.12","Credit Card","165.91190","2024-11-16"
"EKBCLO2878","Yekaterinburg","Normal",NA,"Female","Clothing",NA,"No","10.35","Credit Card","131.54000","2024-06-03"
"NSKFUR7760","Novosibirsk","Normal","Working","Male","Furniture","13.75","No","18.76","Credit Card","142.27428","2024-04-29"
"SPBCLO4792","Saint Petersburg","Normal","Working",NA,"Clothing","17.56","Yes"," 6.61","Credit Card",NA,"2024-01-20"
"EKBTOY1797","Yekaterinburg","Normal",NA,"Female","Toys",NA,"No","18.53","Credit Card"," 95.40000","2024-12-28"
"NSKCLO7760","Novosibirsk","Normal","Working","Male","Clothing","13.75","No","18.76","Ewallet"," 89.31000","2024-09-16"
"SPBGRO4792","Saint Petersburg","Normal","Working","Female","Groceries",NA,"Yes"," 6.61","Credit Card","211.64000","2024-06-28"
"EKBELE2489","Yekaterinburg",NA,"Student","Male","Electronics",NA,"No",NA,"Ewallet"," 89.10315","2024-09-22"
"NSKTOY2243","Novosibirsk","Member","Working","Male","Toys","11.95","Yes",NA,"Credit Card","285.47000","2024-03-10"
"SPBFUR2690","Saint Petersburg",NA,"Working","Male","Furniture",NA,"Yes","10.65","Bank Transfer","283.49367","2024-10-15"
"SPBGRO6100","Saint Petersburg","Normal","Working","Female",NA,"18.63",NA,"27.27","Ewallet","216.96000","2024-07-03"
NA,"Novosibirsk","Member","Student","Female","Electronics","15.93","Yes","16.12","Credit Card","185.76382","2024-11-18"
"SPBTOY7289","Saint Petersburg","Member",NA,"Male","Toys",NA,"Yes","29.33","Cash","332.40000","2024-02-14"
"NSKTOY8883","Novosibirsk","Member","Student","Female",NA,NA,"Yes","14.52","Ewallet","177.28000","2024-10-10"
"EKBTOY2878","Yekaterinburg","Normal","Working","Female",NA,NA,NA,"10.35","Ewallet"," 72.10000","2024-03-29"
"NSKGRO4924","Novosibirsk","Member","Student","Female","Groceries",NA,"Yes","16.41","Credit Card","226.00000","2024-07-25"
"EKBFUR1339","Yekaterinburg","Member","Working","Female","Furniture",NA,"Yes","19.30","Ewallet",NA,"2024-04-26"
NA,"Yekaterinburg","Member","Student","Female","Clothing","18.83","Yes","12.92","Credit Card","218.11726","2024-09-25"
"EKBELE9287","Yekaterinburg","Member","Working","Male","Electronics","16.54","No","16.20","Bank Transfer","185.33499","2024-11-14"
"EKBGRO6483","Yekaterinburg","Normal","Student","Female","Groceries",NA,"Yes",NA,"Credit Card","114.67000","2024-06-23"
"MOWFUR1557","Moscow","Normal","Retired","Female","Furniture","16.75","Yes"," 5.39","Credit Card","441.95926","2024-01-20"
"NSKELE6673","Novosibirsk","Member","Working","Female","Electronics",NA,"No"," 9.15","Credit Card","186.40673","2024-11-29"
"SPBFUR4029","Saint Petersburg","Normal","Retired","Male","Furniture",NA,"No","19.56","Ewallet","178.44138","2024-09-30"
"MOWTOY3244","Moscow","Member","Retired","Female","Toys","18.81","Yes","26.66","Credit Card","413.77000","2024-12-17"
"SPBTOY7289","Saint Petersburg","Member","Working","Male","Toys",NA,NA,"30.00","Bank Transfer","337.59000","2024-08-24"
"NSKCLO9505","Novosibirsk","Member","Student","Male","Clothing",NA,"No","15.47","Ewallet","139.82219","2024-04-19"
"EKBGRO5104","Yekaterinburg","Member","Student","Male","Groceries",NA,"No",NA,"Credit Card"," 93.61000","2024-06-24"
"EKBELE5279","Yekaterinburg","Member","Working","Male","Electronics","15.45","No","12.29","Ewallet","134.67961","2024-02-22"
"MOWELE2368","Moscow","Member","Working","Female","Electronics",NA,"No","17.64","Credit Card",NA,"2024-10-22"
"EKBGRO6266",NA,"Normal","Working","Male","Groceries","14.72","No","20.49","Cash"," 63.43000","2024-07-03"
"MOWGRO2368","Moscow","Member","Working","Female","Groceries","17.86","No","20.14","Ewallet","311.74000","2024-12-30"
"MOWELE1838","Moscow","Normal","Working","Female","Electronics",NA,"No",NA,"Credit Card","348.98487","2024-06-12"
"EKBTOY6483",NA,"Normal","Student","Female","Toys","10.13","Yes"," 9.38","Credit Card","138.28000","2024-03-21"
"SPBFUR4156","Saint Petersburg","Member",NA,"Female","Furniture","10.18","Yes","21.69","Credit Card","346.11260","2024-05-30"
"MOWFUR4857","Moscow","Normal",NA,"Female","Furniture",NA,"Yes","24.60","Credit Card","108.62622","2024-07-31"
"MOWTOY4385","Moscow","Normal","Working","Male","Toys"," 8.62","No"," 7.32","Credit Card",NA,"2024-12-08"
"NSKGRO5925","Novosibirsk","Member","Retired","Female","Groceries","18.78","No","11.31","Credit Card","208.21812","2024-07-14"
"SPBCLO8580","Saint Petersburg","Normal","Working","Female","Clothing",NA,"Yes","17.09","Credit Card","360.87000","2024-03-18"
"SPBCLO8742",NA,"Member","Retired","Female","Clothing",NA,NA,"10.38","Credit Card","293.10000","2024-01-16"
"EKBELE2013","Yekaterinburg","Member","Working","Male","Electronics",NA,"Yes","28.74","Ewallet","257.39069","2024-02-20"
"MOWGRO3194","Moscow","Normal","Working",NA,"Groceries",NA,"Yes","15.21","Ewallet","302.92000","2024-06-12"
"NSKGRO6745","Novosibirsk","Member","Retired","Male",NA," 5.13","No","14.30","Cash","218.50136","2024-10-08"
"SPBELE4557","Saint Petersburg","Normal","Student","Female","Electronics",NA,"Yes","29.22",NA,"265.42255",NA
"SPBFUR9049","Saint Petersburg","Member","Working","Male","Furniture",NA,"Yes","18.74","Cash","230.89322","2024-07-21"
"EKBELE2155","Yekaterinburg","Normal","Student","Female","Electronics",NA,"Yes","10.66","Credit Card","106.89479","2024-11-22"
"MOWCLO6536","Moscow","Member","Student","Male","Clothing",NA,"No"," 6.87","Bank Transfer","202.45067","2024-06-17"
"NSKELE6673","Novosibirsk","Member","Working","Female",NA,NA,"No"," 6.65","Credit Card","218.87025","2024-11-08"
NA,"Novosibirsk","Member","Student","Male","Toys",NA,"Yes","14.86",NA,"175.01000","2024-04-17"
"EKBTOY3471","Yekaterinburg","Member","Working",NA,"Toys",NA,"Yes"," 7.03",NA,"110.50000","2024-01-17"
"SPBFUR7385","Saint Petersburg","Member","Student","Male","Furniture",NA,"No"," 6.02","Ewallet",NA,"2024-11-04"
"NSKCLO1672","Novosibirsk","Member","Retired","Male","Clothing",NA,"Yes","18.42","Bank Transfer","109.17000","2024-11-16"
"NSKCLO4924","Novosibirsk","Member","Student","Female","Clothing","13.41","Yes","16.41","Credit Card","283.59741","2024-01-22"
"EKBCLO5279","Yekaterinburg","Member","Working","Male","Clothing",NA,"No","12.29","Cash","132.23000","2024-04-18"
NA,"Moscow","Normal","Student","Female","Furniture",NA,"Yes","24.60","Credit Card","393.54865","2024-02-25"
"EKBGRO9923","Yekaterinburg","Member","Working","Female","Groceries",NA,"Yes","27.31","Credit Card","178.77000","2024-12-17"
"NSKELE7205","Novosibirsk","Normal","Working","Male","Electronics","17.55","No"," 7.52","Credit Card",NA,"2024-05-09"
"MOWCLO7738","Moscow","Member","Student","Male","Clothing",NA,"Yes","30.00","Cash","398.57248","2024-06-08"
"MOWGRO3908","Moscow","Member","Working","Female","Groceries",NA,"No","28.82","Credit Card","364.33000","2024-06-07"
"EKBGRO1339","Yekaterinburg","Member","Working","Female","Groceries"," 8.28","Yes","19.30","Credit Card","121.93000","2024-03-09"
NA,"Moscow","Normal","Retired","Male","Electronics",NA,"Yes",NA,"Cash","511.07000","2024-11-30"
"SPBFUR9431",NA,"Member","Working","Male","Furniture",NA,"Yes","20.80","Bank Transfer","255.82407","2024-06-16"
"MOWGRO4385","Moscow","Normal","Working","Male","Groceries",NA,"No"," 7.32","Ewallet","130.38000","2024-12-04"
"EKBGRO5864","Yekaterinburg","Normal","Working","Female","Groceries","13.27","Yes","12.65","Credit Card","118.13000","2024-10-23"
"NSKFUR9602","Novosibirsk","Member","Retired","Male",NA,NA,"No","16.71","Credit Card","303.40425","2024-08-04"
NA,"Yekaterinburg","Member","Student","Female","Clothing",NA,"Yes","17.51","Credit Card","183.80569",NA
"EKBCLO3487","Yekaterinburg","Member","Retired","Male","Clothing","15.35","No"," 8.40","Cash","114.61000","2024-05-08"
"SPBCLO4213","Saint Petersburg","Member",NA,"Male","Clothing","16.21","Yes"," 5.61","Credit Card","130.63000","2024-07-03"
"MOWCLO6167","Moscow","Normal","Retired","Female","Clothing"," 7.84","Yes"," 7.04","Credit Card","270.95000","2024-12-09"
NA,"Saint Petersburg","Member","Working","Male","Furniture",NA,"Yes"," 8.15","Cash","439.83812","2024-10-05"
"SPBFUR1061","Saint Petersburg",NA,"Retired","Male","Furniture",NA,"Yes"," 5.33","Cash","253.64368","2024-03-04"
"EKBTOY5747","Yekaterinburg","Normal","Student","Male","Toys",NA,"No","12.81","Cash"," 49.33000","2024-07-21"
"NSKFUR1941","Novosibirsk","Normal","Working","Male","Furniture","16.22","Yes","27.59","Bank Transfer","205.90362","2024-04-27"
"MOWCLO6854","Moscow","Normal","Working","Female","Clothing",NA,"Yes","10.20","Credit Card","461.20000","2024-08-29"
"SPBFUR7811","Saint Petersburg","Normal","Student","Male","Furniture",NA,"No"," 7.35","Credit Card"," 34.35113","2024-10-24"
"SPBFUR7796","Saint Petersburg","Member","Student","Female","Furniture",NA,"No"," 9.55","Ewallet",NA,"2024-04-30"
"MOWELE3194","Moscow","Normal","Working","Female","Electronics",NA,"Yes","17.71","Credit Card","430.11408","2024-12-22"
"EKBFUR1339","Yekaterinburg","Member","Working","Female","Furniture"," 8.28","Yes","19.30","Ewallet","125.14846","2024-05-25"
"MOWFUR5902","Moscow","Member","Retired","Female","Furniture"," 7.88","Yes","16.58","Credit Card","401.14840","2024-03-17"
"SPBFUR8756","Saint Petersburg","Member","Retired","Female","Furniture",NA,"Yes","20.75","Ewallet","140.04354","2024-12-05"
"SPBELE7770","Saint Petersburg","Member","Working","Male",NA,NA,"Yes","10.61","Cash","309.94399","2024-07-28"
"EKBFUR4004","Yekaterinburg","Member","Working","Female","Furniture","14.75",NA," 8.61","Credit Card","208.72941","2024-06-27"
"EKBTOY9821","Yekaterinburg","Normal","Working","Male","Toys",NA,"No","26.53","Ewallet","140.42000","2024-12-05"
"NSKGRO4924","Novosibirsk","Member","Student","Female",NA,"13.41","Yes",NA,"Ewallet","242.00000","2024-09-04"
"EKBCLO6266","Yekaterinburg","Normal","Working","Male","Clothing",NA,"No","20.49","Bank Transfer","134.72000","2024-06-11"
"SPBTOY4270","Saint Petersburg",NA,"Student",NA,"Toys",NA,"No","26.76","Credit Card","218.80000","2024-04-25"
NA,"Saint Petersburg","Normal","Working","Male","Groceries"," 5.18","Yes"," 6.13","Cash","157.70000","2024-12-11"
"MOWCLO4385","Moscow","Normal","Working","Male","Clothing",NA,NA," 7.32","Ewallet","110.84000","2024-03-14"
"NSKFUR8883","Novosibirsk","Member","Student","Female","Furniture","19.03","Yes","14.52","Ewallet"," 53.26617","2024-03-27"
"MOWGRO6167","Moscow","Normal",NA,"Female","Groceries",NA,"Yes"," 7.04","Ewallet","157.76567","2024-08-25"
"EKBELE6704","Yekaterinburg","Member","Working","Male","Electronics",NA,"Yes","30.00","Bank Transfer",NA,"2024-10-11"
"SPBCLO7811","Saint Petersburg","Normal","Student","Male","Clothing",NA,"No"," 7.35","Ewallet"," 70.40343","2024-05-21"
"MOWGRO3324","Moscow","Normal","Working","Male","Groceries","14.28","Yes","15.36","Bank Transfer","298.13000","2024-03-05"
"NSKELE8797","Novosibirsk","Member","Working","Male","Electronics",NA,"Yes","22.78","Bank Transfer","169.01232","2024-03-15"
NA,"Yekaterinburg","Member","Retired","Male","Toys",NA,"No","22.17","Bank Transfer"," 70.36000","2024-06-11"
"NSKTOY6673","Novosibirsk","Member","Working","Female","Toys",NA,"No"," 6.65","Credit Card","219.23000","2024-05-21"
"EKBELE4961","Yekaterinburg","Normal","Retired","Male","Electronics"," 9.00","No","22.02","Credit Card","189.27000","2024-11-11"
"SPBTOY6100","Saint Petersburg",NA,NA,"Female","Toys","18.63","Yes","29.77","Credit Card","153.88000","2024-08-03"
"EKBELE3471","Yekaterinburg","Member","Working","Female","Electronics",NA,"Yes",NA,"Ewallet","268.13793","2024-10-25"
"SPBGRO8674","Saint Petersburg","Normal","Retired","Male","Groceries",NA,"Yes","15.81","Cash","281.98719","2024-08-05"
"SPBTOY2690","Saint Petersburg","Member","Working","Male","Toys",NA,"Yes"," 8.15",NA,"365.68000","2024-06-13"
"EKBGRO5851","Yekaterinburg","Member","Student","Male","Groceries",NA,"No","22.53","Bank Transfer","105.57000","2024-11-03"
"EKBELE5950","Yekaterinburg","Normal","Working","Male","Electronics",NA,"No","22.53","Credit Card","153.82509","2024-08-08"
"EKBCLO4154","Yekaterinburg","Member","Retired","Male","Clothing","11.76","Yes","19.52","Credit Card"," 72.78000","2024-10-06"
"SPBCLO2962","Saint Petersburg","Normal","Retired","Female","Clothing","16.06","Yes","26.13","Credit Card","269.51000","2024-01-19"
"EKBELE4651","Yekaterinburg","Member","Retired","Male","Electronics"," 8.08","Yes","10.26","Ewallet","134.20000","2024-04-02"
"MOWGRO1420","Moscow","Member","Working","Male","Groceries","17.37","Yes","29.39",NA,"279.03000","2024-01-17"
"NSKFUR9142","Novosibirsk","Member","Student","Female","Furniture",NA,"Yes","12.48","Credit Card","192.61879","2024-03-11"
"NSKCLO3479","Novosibirsk","Member","Working","Female","Clothing","19.48","Yes","15.15",NA,"296.04000","2024-08-04"
"NSKGRO9253","Novosibirsk","Normal","Student","Male","Groceries","15.43","Yes","27.52",NA,"141.74000","2024-10-22"